{
	"credit": "Made with Blockbench",
	"textures": {
		"3": "portal_gun:laser/glass_2",
		"4": "portal_gun:glow_generic",
		"5": "portal_gun:ceramic",
		"6": "portal_gun:metal",
		"7": "portal_gun:laser/metal_detail",
		"8": "portal_gun:metal_light",
		"9": "portal_gun:laser/laser_rotate",
		"10": "portal_gun:laser/laser",
		"particle": "portal_gun:glow_generic"
	},
	"elements": [
		{
			"name": "hexadecagon",
			"from": [6.60761, 1, 7.1],
			"to": [9.39239, 2, 8.1],
			"rotation": {"angle": -45, "axis": "z", "origin": [8, 8, 7.6]},
			"faces": {
				"north": {"uv": [0.032, 0.032, 15.968, 15.968], "texture": "#6"},
				"down": {"uv": [0.032, 0.032, 15.968, 15.968], "texture": "#6"}
			}
		},
		{
			"name": "hexadecagon",
			"from": [6.60761, 1, 7.1],
			"to": [9.39239, 2, 8.1],
			"rotation": {"angle": -22.5, "axis": "z", "origin": [8, 8, 7.6]},
			"faces": {
				"north": {"uv": [0.032, 0.032, 15.968, 15.968], "texture": "#6"},
				"down": {"uv": [0.032, 0.032, 15.968, 15.968], "texture": "#6"}
			}
		},
		{
			"name": "hexadecagon",
			"from": [6.60761, 1, 7.1],
			"to": [9.39239, 2, 8.1],
			"rotation": {"angle": 0, "axis": "y", "origin": [8, 8, 7.6]},
			"faces": {
				"north": {"uv": [0.032, 0.032, 15.968, 15.968], "texture": "#6"}
			}
		},
		{
			"name": "hexadecagon",
			"from": [6.60761, 1, 7.1],
			"to": [9.39239, 2, 8.1],
			"rotation": {"angle": 22.5, "axis": "z", "origin": [8, 8, 7.6]},
			"faces": {
				"north": {"uv": [0.032, 0.032, 15.968, 15.968], "texture": "#6"},
				"down": {"uv": [0.032, 0.032, 15.968, 15.968], "texture": "#6"}
			}
		},
		{
			"name": "hexadecagon",
			"from": [6.60761, 1, 7.1],
			"to": [9.39239, 2, 8.1],
			"rotation": {"angle": 45, "axis": "z", "origin": [8, 8, 7.6]},
			"faces": {
				"north": {"uv": [0.032, 0.032, 15.968, 15.968], "texture": "#6"},
				"down": {"uv": [0.032, 0.032, 15.968, 15.968], "texture": "#6"}
			}
		},
		{
			"name": "hexadecagon",
			"from": [6.60761, 14, 7.1],
			"to": [9.39239, 15, 8.1],
			"rotation": {"angle": -45, "axis": "z", "origin": [8, 8, 7.6]},
			"faces": {
				"north": {"uv": [0.032, 0.032, 15.968, 15.968], "texture": "#6"},
				"up": {"uv": [15.968, 15.968, 0.032, 2.032], "texture": "#6"}
			}
		},
		{
			"name": "hexadecagon",
			"from": [6.60761, 14, 7.1],
			"to": [9.39239, 15, 8.1],
			"rotation": {"angle": -22.5, "axis": "z", "origin": [8, 8, 7.6]},
			"faces": {
				"north": {"uv": [0.032, 0.032, 15.968, 15.968], "texture": "#6"},
				"up": {"uv": [0.032, 0.032, 15.968, 15.968], "texture": "#6"}
			}
		},
		{
			"name": "hexadecagon",
			"from": [6.60761, 14, 7.1],
			"to": [9.39239, 15, 8.1],
			"rotation": {"angle": 0, "axis": "y", "origin": [8, 8, 7.6]},
			"faces": {
				"north": {"uv": [0.032, 0.032, 15.968, 15.968], "texture": "#6"}
			}
		},
		{
			"name": "hexadecagon",
			"from": [6.60761, 14, 7.1],
			"to": [9.39239, 15, 8.1],
			"rotation": {"angle": 22.5, "axis": "z", "origin": [8, 8, 7.6]},
			"faces": {
				"north": {"uv": [0.032, 0.032, 15.968, 15.968], "texture": "#6"},
				"up": {"uv": [0.032, 0.032, 15.968, 15.968], "texture": "#6"}
			}
		},
		{
			"name": "hexadecagon",
			"from": [6.60761, 14, 7.1],
			"to": [9.39239, 15, 8.1],
			"rotation": {"angle": 45, "axis": "z", "origin": [8, 8, 7.6]},
			"faces": {
				"north": {"uv": [0.032, 0.032, 15.968, 15.968], "texture": "#6"},
				"up": {"uv": [0.032, 0.032, 15.968, 15.968], "texture": "#6"}
			}
		},
		{
			"name": "hexadecagon",
			"from": [1, 6.60761, 7.1],
			"to": [2, 9.39239, 8.1],
			"rotation": {"angle": -22.5, "axis": "z", "origin": [8, 8, 7.6]},
			"faces": {
				"north": {"uv": [0.032, 0.032, 15.968, 15.968], "texture": "#6"},
				"west": {"uv": [0.032, 0.032, 15.968, 15.968], "texture": "#6"}
			}
		},
		{
			"name": "hexadecagon",
			"from": [1, 6.60761, 7.1],
			"to": [2, 9.39239, 8.1],
			"rotation": {"angle": 0, "axis": "y", "origin": [8, 8, 7.6]},
			"faces": {
				"north": {"uv": [0.032, 0.032, 15.968, 15.968], "texture": "#6"}
			}
		},
		{
			"name": "hexadecagon",
			"from": [1, 6.60761, 7.1],
			"to": [2, 9.39239, 8.1],
			"rotation": {"angle": 22.5, "axis": "z", "origin": [8, 8, 7.6]},
			"faces": {
				"north": {"uv": [0.032, 0.032, 15.968, 15.968], "texture": "#6"},
				"west": {"uv": [0.032, 0.032, 15.968, 15.968], "texture": "#6"}
			}
		},
		{
			"name": "hexadecagon",
			"from": [14, 6.60761, 7.1],
			"to": [15, 9.39239, 8.1],
			"rotation": {"angle": -22.5, "axis": "z", "origin": [8, 8, 7.6]},
			"faces": {
				"north": {"uv": [0.032, 0.032, 15.968, 15.968], "texture": "#6"},
				"east": {"uv": [0.032, 0.032, 15.968, 15.968], "texture": "#6"}
			}
		},
		{
			"name": "hexadecagon",
			"from": [14, 6.60761, 7.1],
			"to": [15, 9.39239, 8.1],
			"rotation": {"angle": 0, "axis": "y", "origin": [8, 8, 7.6]},
			"faces": {
				"north": {"uv": [0.032, 0.032, 15.968, 15.968], "texture": "#6"}
			}
		},
		{
			"name": "hexadecagon",
			"from": [14, 6.60761, 7.1],
			"to": [15, 9.39239, 8.1],
			"rotation": {"angle": 22.5, "axis": "z", "origin": [8, 8, 7.6]},
			"faces": {
				"north": {"uv": [0.032, 0.032, 15.968, 15.968], "texture": "#6"},
				"east": {"uv": [0.032, 0.032, 15.968, 15.968], "texture": "#6"}
			}
		},
		{
			"name": "OuterRingCeramic1",
			"from": [6.80653, 2, 7],
			"to": [9.19347, 3, 7.5],
			"rotation": {"angle": -45, "axis": "z", "origin": [8, 8, 7]},
			"faces": {
				"north": {"uv": [0.032, 6.75, 15.968, 7.75], "texture": "#5"},
				"down": {"uv": [15.968, 6.75, 0.032, 7.75], "texture": "#5"}
			}
		},
		{
			"name": "OuterRingCeramic1",
			"from": [6.80653, 2, 7],
			"to": [9.19347, 3, 7.5],
			"rotation": {"angle": -22.5, "axis": "z", "origin": [8, 8, 7]},
			"faces": {
				"north": {"uv": [0.032, 6.75, 15.968, 7.75], "texture": "#5"},
				"down": {"uv": [0.032, 6.75, 15.968, 7.75], "texture": "#5"}
			}
		},
		{
			"name": "OuterRingCeramic1",
			"from": [6.80653, 2, 7],
			"to": [9.19347, 3, 7.5],
			"rotation": {"angle": 0, "axis": "y", "origin": [8, 8, 7]},
			"faces": {
				"north": {"uv": [0.032, 6.75, 15.968, 7.75], "texture": "#5"},
				"down": {"uv": [0.032, 6.75, 15.968, 7.75], "texture": "#5"}
			}
		},
		{
			"name": "OuterRingCeramic1",
			"from": [6.80653, 2, 7],
			"to": [9.19347, 3, 7.5],
			"rotation": {"angle": 22.5, "axis": "z", "origin": [8, 8, 7]},
			"faces": {
				"north": {"uv": [0.032, 6.75, 15.968, 7.75], "texture": "#5"},
				"down": {"uv": [0.032, 6.75, 15.968, 7.75], "texture": "#5"}
			}
		},
		{
			"name": "OuterRingCeramic1",
			"from": [6.80653, 2, 7],
			"to": [9.19347, 3, 7.5],
			"rotation": {"angle": 45, "axis": "z", "origin": [8, 8, 7]},
			"faces": {
				"north": {"uv": [0.032, 6.75, 15.968, 7.75], "texture": "#5"},
				"down": {"uv": [0.032, 6.75, 15.968, 7.75], "texture": "#5"}
			}
		},
		{
			"name": "OuterRingCeramic1",
			"from": [6.80653, 13, 7],
			"to": [9.19347, 14, 7.5],
			"rotation": {"angle": -45, "axis": "z", "origin": [8, 8, 7]},
			"faces": {
				"north": {"uv": [0.032, 6.75, 15.968, 7.75], "texture": "#5"},
				"up": {"uv": [0.032, 6.75, 15.968, 7.75], "texture": "#5"}
			}
		},
		{
			"name": "OuterRingCeramic1",
			"from": [6.80653, 13, 7],
			"to": [9.19347, 14, 7.5],
			"rotation": {"angle": -22.5, "axis": "z", "origin": [8, 8, 7]},
			"faces": {
				"north": {"uv": [0.032, 6.75, 15.968, 7.75], "texture": "#5"},
				"up": {"uv": [0.032, 6.75, 15.968, 7.75], "texture": "#5"}
			}
		},
		{
			"name": "OuterRingCeramic1",
			"from": [6.80653, 13, 7],
			"to": [9.19347, 14, 7.5],
			"rotation": {"angle": 0, "axis": "y", "origin": [8, 8, 7]},
			"faces": {
				"north": {"uv": [0.032, 6.75, 15.968, 7.75], "texture": "#5"},
				"up": {"uv": [0.032, 6.75, 15.968, 7.75], "texture": "#5"}
			}
		},
		{
			"name": "OuterRingCeramic1",
			"from": [6.80653, 13, 7],
			"to": [9.19347, 14, 7.5],
			"rotation": {"angle": 22.5, "axis": "z", "origin": [8, 8, 7]},
			"faces": {
				"north": {"uv": [0.032, 6.75, 15.968, 7.75], "texture": "#5"},
				"up": {"uv": [0.032, 6.75, 15.968, 7.75], "texture": "#5"}
			}
		},
		{
			"name": "OuterRingCeramic1",
			"from": [6.80653, 13, 7],
			"to": [9.19347, 14, 7.5],
			"rotation": {"angle": 45, "axis": "z", "origin": [8, 8, 7]},
			"faces": {
				"north": {"uv": [0.032, 6.75, 15.968, 7.75], "texture": "#5"},
				"up": {"uv": [0.032, 6.75, 15.968, 7.75], "texture": "#5"}
			}
		},
		{
			"name": "OuterRingCeramic1",
			"from": [2, 6.80653, 7],
			"to": [3, 9.19347, 7.5],
			"rotation": {"angle": -22.5, "axis": "z", "origin": [8, 8, 7]},
			"faces": {
				"north": {"uv": [0.032, 6.75, 15.968, 7.75], "texture": "#5"},
				"west": {"uv": [0.032, 6.75, 15.968, 7.75], "texture": "#5"}
			}
		},
		{
			"name": "OuterRingCeramic1",
			"from": [2, 6.80653, 7],
			"to": [3, 9.19347, 7.5],
			"rotation": {"angle": 0, "axis": "y", "origin": [8, 8, 7]},
			"faces": {
				"north": {"uv": [0.032, 6.75, 15.968, 7.75], "texture": "#5"},
				"west": {"uv": [0.032, 6.75, 15.968, 7.75], "texture": "#5"}
			}
		},
		{
			"name": "OuterRingCeramic1",
			"from": [2, 6.80653, 7],
			"to": [3, 9.19347, 7.5],
			"rotation": {"angle": 22.5, "axis": "z", "origin": [8, 8, 7]},
			"faces": {
				"north": {"uv": [0.032, 6.75, 15.968, 7.75], "texture": "#5"},
				"west": {"uv": [0.032, 6.75, 15.968, 7.75], "texture": "#5"}
			}
		},
		{
			"name": "OuterRingCeramic1",
			"from": [13, 6.80653, 7],
			"to": [14, 9.19347, 7.5],
			"rotation": {"angle": -22.5, "axis": "z", "origin": [8, 8, 7]},
			"faces": {
				"north": {"uv": [0.032, 6.75, 15.968, 7.75], "texture": "#5"},
				"east": {"uv": [0.032, 6.75, 15.968, 7.75], "texture": "#5"}
			}
		},
		{
			"name": "OuterRingCeramic1",
			"from": [13, 6.80653, 7],
			"to": [14, 9.19347, 7.5],
			"rotation": {"angle": 0, "axis": "y", "origin": [8, 8, 7]},
			"faces": {
				"north": {"uv": [0.032, 6.75, 15.968, 7.75], "texture": "#5"},
				"east": {"uv": [0.032, 6.75, 15.968, 7.75], "texture": "#5"}
			}
		},
		{
			"name": "OuterRingCeramic1",
			"from": [13, 6.80653, 7],
			"to": [14, 9.19347, 7.5],
			"rotation": {"angle": 22.5, "axis": "z", "origin": [8, 8, 7]},
			"faces": {
				"north": {"uv": [0.032, 6.75, 15.968, 7.75], "texture": "#5"},
				"east": {"uv": [0.032, 6.75, 15.968, 7.75], "texture": "#5"}
			}
		},
		{
			"name": "OuterRingCeramic2",
			"from": [6.84631, 2.2, 6.9],
			"to": [9.15369, 3, 7.5],
			"rotation": {"angle": -45, "axis": "z", "origin": [8, 8, 7]},
			"faces": {
				"north": {"uv": [0.032, 7.5, 15.968, 8.5], "texture": "#5"},
				"down": {"uv": [0.032, 7.5, 15.968, 8.5], "texture": "#5"}
			}
		},
		{
			"name": "OuterRingCeramic2",
			"from": [13, 6.84631, 6.9],
			"to": [13.8, 9.15369, 7.5],
			"rotation": {"angle": 22.5, "axis": "z", "origin": [8, 8, 7]},
			"faces": {
				"north": {"uv": [0.032, 7.5, 15.968, 8.5], "texture": "#5"},
				"east": {"uv": [0.032, 7.5, 15.968, 8.5], "texture": "#5"}
			}
		},
		{
			"name": "OuterRingCeramic2",
			"from": [13, 6.84631, 6.9],
			"to": [13.8, 9.15369, 7.5],
			"rotation": {"angle": 0, "axis": "y", "origin": [8, 8, 7]},
			"faces": {
				"north": {"uv": [0.032, 7.5, 15.968, 8.5], "texture": "#5"},
				"east": {"uv": [0.032, 7.5, 15.968, 8.5], "texture": "#5"}
			}
		},
		{
			"name": "OuterRingCeramic2",
			"from": [13, 6.84631, 6.9],
			"to": [13.8, 9.15369, 7.5],
			"rotation": {"angle": -22.5, "axis": "z", "origin": [8, 8, 7]},
			"faces": {
				"north": {"uv": [0.032, 7.5, 15.968, 8.5], "texture": "#5"},
				"east": {"uv": [0.032, 7.5, 15.968, 8.5], "texture": "#5"}
			}
		},
		{
			"name": "OuterRingCeramic2",
			"from": [2.2, 6.84631, 6.9],
			"to": [3, 9.15369, 7.5],
			"rotation": {"angle": 22.5, "axis": "z", "origin": [8, 8, 7]},
			"faces": {
				"north": {"uv": [0.032, 7.5, 15.968, 8.5], "texture": "#5"},
				"west": {"uv": [0.032, 7.5, 15.968, 8.5], "texture": "#5"}
			}
		},
		{
			"name": "OuterRingCeramic2",
			"from": [2.2, 6.84631, 6.9],
			"to": [3, 9.15369, 7.5],
			"rotation": {"angle": 0, "axis": "y", "origin": [8, 8, 7]},
			"faces": {
				"north": {"uv": [0.032, 7.5, 15.968, 8.5], "texture": "#5"},
				"west": {"uv": [0.032, 7.5, 15.968, 8.5], "texture": "#5"}
			}
		},
		{
			"name": "OuterRingCeramic2",
			"from": [2.2, 6.84631, 6.9],
			"to": [3, 9.15369, 7.5],
			"rotation": {"angle": -22.5, "axis": "z", "origin": [8, 8, 7]},
			"faces": {
				"north": {"uv": [0.032, 7.5, 15.968, 8.5], "texture": "#5"},
				"west": {"uv": [0.032, 7.5, 15.968, 8.5], "texture": "#5"}
			}
		},
		{
			"name": "OuterRingCeramic2",
			"from": [6.84631, 13, 6.9],
			"to": [9.15369, 13.8, 7.5],
			"rotation": {"angle": 45, "axis": "z", "origin": [8, 8, 7]},
			"faces": {
				"north": {"uv": [0.032, 7.5, 15.968, 8.5], "texture": "#5"},
				"up": {"uv": [0.032, 7.5, 15.968, 8.5], "texture": "#5"}
			}
		},
		{
			"name": "OuterRingCeramic2",
			"from": [6.84631, 13, 6.9],
			"to": [9.15369, 13.8, 7.5],
			"rotation": {"angle": 22.5, "axis": "z", "origin": [8, 8, 7]},
			"faces": {
				"north": {"uv": [0.032, 7.5, 15.968, 8.5], "texture": "#5"},
				"up": {"uv": [0.032, 7.5, 15.968, 8.5], "texture": "#5"}
			}
		},
		{
			"name": "OuterRingCeramic2",
			"from": [6.84631, 13, 6.9],
			"to": [9.15369, 13.8, 7.5],
			"rotation": {"angle": 0, "axis": "y", "origin": [8, 8, 7]},
			"faces": {
				"north": {"uv": [0.032, 7.5, 15.968, 8.5], "texture": "#5"},
				"up": {"uv": [0.032, 7.5, 15.968, 8.5], "texture": "#5"}
			}
		},
		{
			"name": "OuterRingCeramic2",
			"from": [6.84631, 13, 6.9],
			"to": [9.15369, 13.8, 7.5],
			"rotation": {"angle": -22.5, "axis": "z", "origin": [8, 8, 7]},
			"faces": {
				"north": {"uv": [0.032, 7.5, 15.968, 8.5], "texture": "#5"},
				"up": {"uv": [0.032, 7.5, 15.968, 8.5], "texture": "#5"}
			}
		},
		{
			"name": "OuterRingCeramic2",
			"from": [6.84631, 13, 6.9],
			"to": [9.15369, 13.8, 7.5],
			"rotation": {"angle": -45, "axis": "z", "origin": [8, 8, 7]},
			"faces": {
				"north": {"uv": [0.032, 7.5, 15.968, 8.5], "texture": "#5"},
				"up": {"uv": [0.032, 7.5, 15.968, 8.5], "texture": "#5"}
			}
		},
		{
			"name": "OuterRingCeramic2",
			"from": [6.84631, 2.2, 6.9],
			"to": [9.15369, 3, 7.5],
			"rotation": {"angle": 45, "axis": "z", "origin": [8, 8, 7]},
			"faces": {
				"north": {"uv": [0.032, 7.5, 15.968, 8.5], "texture": "#5"},
				"down": {"uv": [0.032, 7.5, 15.968, 8.5], "texture": "#5"}
			}
		},
		{
			"name": "OuterRingCeramic2",
			"from": [6.84631, 2.2, 6.9],
			"to": [9.15369, 3, 7.5],
			"rotation": {"angle": 22.5, "axis": "z", "origin": [8, 8, 7]},
			"faces": {
				"north": {"uv": [0.032, 7.5, 15.968, 8.5], "texture": "#5"},
				"down": {"uv": [0.032, 7.5, 15.968, 8.5], "texture": "#5"}
			}
		},
		{
			"name": "OuterRingCeramic2",
			"from": [6.84631, 2.2, 6.9],
			"to": [9.15369, 3, 7.5],
			"rotation": {"angle": 0, "axis": "y", "origin": [8, 8, 7]},
			"faces": {
				"north": {"uv": [0.032, 7.5, 15.968, 8.5], "texture": "#5"},
				"down": {"uv": [0.032, 7.5, 15.968, 8.5], "texture": "#5"}
			}
		},
		{
			"name": "OuterRingCeramic2",
			"from": [6.84631, 2.2, 6.9],
			"to": [9.15369, 3, 7.5],
			"rotation": {"angle": -22.5, "axis": "z", "origin": [8, 8, 7]},
			"faces": {
				"north": {"uv": [0.032, 7.5, 15.968, 8.5], "texture": "#5"},
				"down": {"uv": [0.032, 7.5, 15.968, 8.5], "texture": "#5"}
			}
		},
		{
			"name": "OuterRingCeramic3",
			"from": [13, 6.88609, 6.8],
			"to": [13.6, 9.11391, 7.5],
			"rotation": {"angle": 22.5, "axis": "z", "origin": [8, 8, 7]},
			"faces": {
				"north": {"uv": [0.032, 4.625, 15.968, 5.625], "texture": "#5"},
				"east": {"uv": [0.032, 4.625, 15.968, 5.625], "texture": "#5"}
			}
		},
		{
			"name": "OuterRingCeramic3",
			"from": [13, 6.88609, 6.8],
			"to": [13.6, 9.11391, 7.5],
			"rotation": {"angle": 0, "axis": "y", "origin": [8, 8, 7]},
			"faces": {
				"north": {"uv": [0.032, 4.625, 15.968, 5.625], "texture": "#5"},
				"east": {"uv": [0.032, 4.625, 15.968, 5.625], "texture": "#5"}
			}
		},
		{
			"name": "OuterRingCeramic3",
			"from": [13, 6.88609, 6.8],
			"to": [13.6, 9.11391, 7.5],
			"rotation": {"angle": -22.5, "axis": "z", "origin": [8, 8, 7]},
			"faces": {
				"north": {"uv": [0.032, 4.625, 15.968, 5.625], "texture": "#5"},
				"east": {"uv": [0.032, 4.625, 15.968, 5.625], "texture": "#5"}
			}
		},
		{
			"name": "OuterRingCeramic3",
			"from": [2.4, 6.88609, 6.8],
			"to": [3, 9.11391, 7.5],
			"rotation": {"angle": 22.5, "axis": "z", "origin": [8, 8, 7]},
			"faces": {
				"north": {"uv": [0.032, 4.625, 15.968, 5.625], "texture": "#5"},
				"west": {"uv": [0.032, 4.625, 15.968, 5.625], "texture": "#5"}
			}
		},
		{
			"name": "OuterRingCeramic3",
			"from": [2.4, 6.88609, 6.8],
			"to": [3, 9.11391, 7.5],
			"rotation": {"angle": 0, "axis": "y", "origin": [8, 8, 7]},
			"faces": {
				"north": {"uv": [0.032, 4.625, 15.968, 5.625], "texture": "#5"},
				"west": {"uv": [0.032, 4.625, 15.968, 5.625], "texture": "#5"}
			}
		},
		{
			"name": "OuterRingCeramic3",
			"from": [2.4, 6.88609, 6.8],
			"to": [3, 9.11391, 7.5],
			"rotation": {"angle": -22.5, "axis": "z", "origin": [8, 8, 7]},
			"faces": {
				"north": {"uv": [0.032, 4.625, 15.968, 5.625], "texture": "#5"},
				"west": {"uv": [0.032, 4.625, 15.968, 5.625], "texture": "#5"}
			}
		},
		{
			"name": "OuterRingCeramic3",
			"from": [6.88609, 13, 6.8],
			"to": [9.11391, 13.6, 7.5],
			"rotation": {"angle": 45, "axis": "z", "origin": [8, 8, 7]},
			"faces": {
				"north": {"uv": [0.032, 4.625, 15.968, 5.625], "texture": "#5"},
				"up": {"uv": [0.032, 4.625, 15.968, 5.625], "texture": "#5"}
			}
		},
		{
			"name": "OuterRingCeramic3",
			"from": [6.88609, 13, 6.8],
			"to": [9.11391, 13.6, 7.5],
			"rotation": {"angle": 22.5, "axis": "z", "origin": [8, 8, 7]},
			"faces": {
				"north": {"uv": [0.032, 4.625, 15.968, 5.625], "texture": "#5"},
				"up": {"uv": [0.032, 4.625, 15.968, 5.625], "texture": "#5"}
			}
		},
		{
			"name": "OuterRingCeramic3",
			"from": [6.88609, 13, 6.8],
			"to": [9.11391, 13.6, 7.5],
			"rotation": {"angle": 0, "axis": "y", "origin": [8, 8, 7]},
			"faces": {
				"north": {"uv": [0.032, 4.625, 15.968, 5.625], "texture": "#5"},
				"up": {"uv": [0.032, 4.625, 15.968, 5.625], "texture": "#5"}
			}
		},
		{
			"name": "OuterRingCeramic3",
			"from": [6.88609, 13, 6.8],
			"to": [9.11391, 13.6, 7.5],
			"rotation": {"angle": -22.5, "axis": "z", "origin": [8, 8, 7]},
			"faces": {
				"north": {"uv": [0.032, 4.625, 15.968, 5.625], "texture": "#5"},
				"up": {"uv": [0.032, 4.625, 15.968, 5.625], "texture": "#5"}
			}
		},
		{
			"name": "OuterRingCeramic3",
			"from": [6.88609, 13, 6.8],
			"to": [9.11391, 13.6, 7.5],
			"rotation": {"angle": -45, "axis": "z", "origin": [8, 8, 7]},
			"faces": {
				"north": {"uv": [0.032, 4.625, 15.968, 5.625], "texture": "#5"},
				"up": {"uv": [0.032, 4.625, 15.968, 5.625], "texture": "#5"}
			}
		},
		{
			"name": "OuterRingCeramic3",
			"from": [6.88609, 2.4, 6.8],
			"to": [9.11391, 3, 7.5],
			"rotation": {"angle": 45, "axis": "z", "origin": [8, 8, 7]},
			"faces": {
				"north": {"uv": [0.032, 4.625, 15.968, 5.625], "texture": "#5"},
				"down": {"uv": [0.032, 4.625, 15.968, 5.625], "texture": "#5"}
			}
		},
		{
			"name": "OuterRingCeramic3",
			"from": [6.88609, 2.4, 6.8],
			"to": [9.11391, 3, 7.5],
			"rotation": {"angle": 22.5, "axis": "z", "origin": [8, 8, 7]},
			"faces": {
				"north": {"uv": [0.032, 4.625, 15.968, 5.625], "texture": "#5"},
				"down": {"uv": [0.032, 4.625, 15.968, 5.625], "texture": "#5"}
			}
		},
		{
			"name": "OuterRingCeramic3",
			"from": [6.88609, 2.4, 6.8],
			"to": [9.11391, 3, 7.5],
			"rotation": {"angle": 0, "axis": "y", "origin": [8, 8, 7]},
			"faces": {
				"north": {"uv": [0.032, 4.625, 15.968, 5.625], "texture": "#5"},
				"down": {"uv": [0.032, 4.625, 15.968, 5.625], "texture": "#5"}
			}
		},
		{
			"name": "OuterRingCeramic3",
			"from": [6.88609, 2.4, 6.8],
			"to": [9.11391, 3, 7.5],
			"rotation": {"angle": -22.5, "axis": "z", "origin": [8, 8, 7]},
			"faces": {
				"north": {"uv": [0.032, 4.625, 15.968, 5.625], "texture": "#5"},
				"down": {"uv": [0.032, 4.625, 15.968, 5.625], "texture": "#5"}
			}
		},
		{
			"name": "OuterRingCeramic3",
			"from": [6.88609, 2.4, 6.8],
			"to": [9.11391, 3, 7.5],
			"rotation": {"angle": -45, "axis": "z", "origin": [8, 8, 7]},
			"faces": {
				"north": {"uv": [0.032, 4.625, 15.968, 5.625], "texture": "#5"},
				"down": {"uv": [0.032, 4.625, 15.968, 5.625], "texture": "#5"}
			}
		},
		{
			"name": "OuterRingCeramic4",
			"from": [13, 6.92587, 6.7],
			"to": [13.4, 9.07413, 7.5],
			"rotation": {"angle": 22.5, "axis": "z", "origin": [8, 8, 7]},
			"faces": {
				"north": {"uv": [0.032, 0.032, 15.968, 0.968], "texture": "#5"},
				"east": {"uv": [0.032, 0.032, 15.968, 0.968], "texture": "#5"}
			}
		},
		{
			"name": "OuterRingCeramic4",
			"from": [13, 6.92587, 6.7],
			"to": [13.4, 9.07413, 7.5],
			"rotation": {"angle": 0, "axis": "y", "origin": [8, 8, 7]},
			"faces": {
				"north": {"uv": [0.032, 0.032, 15.968, 0.968], "texture": "#5"},
				"east": {"uv": [0.032, 0.032, 15.968, 0.968], "texture": "#5"}
			}
		},
		{
			"name": "OuterRingCeramic4",
			"from": [13, 6.92587, 6.7],
			"to": [13.4, 9.07413, 7.5],
			"rotation": {"angle": -22.5, "axis": "z", "origin": [8, 8, 7]},
			"faces": {
				"north": {"uv": [0.032, 0.032, 15.968, 0.968], "texture": "#5"},
				"east": {"uv": [0.032, 0.032, 15.968, 0.968], "texture": "#5"}
			}
		},
		{
			"name": "OuterRingCeramic4",
			"from": [2.6, 6.92587, 6.7],
			"to": [3, 9.07413, 7.5],
			"rotation": {"angle": 22.5, "axis": "z", "origin": [8, 8, 7]},
			"faces": {
				"north": {"uv": [0.032, 0.032, 15.968, 0.968], "texture": "#5"},
				"west": {"uv": [0.032, 0.032, 15.968, 0.968], "texture": "#5"}
			}
		},
		{
			"name": "OuterRingCeramic4",
			"from": [2.6, 6.92587, 6.7],
			"to": [3, 9.07413, 7.5],
			"rotation": {"angle": 0, "axis": "y", "origin": [8, 8, 7]},
			"faces": {
				"north": {"uv": [0.032, 0.032, 15.968, 0.968], "texture": "#5"},
				"west": {"uv": [0.032, 0.032, 15.968, 0.968], "texture": "#5"}
			}
		},
		{
			"name": "OuterRingCeramic4",
			"from": [2.6, 6.92587, 6.7],
			"to": [3, 9.07413, 7.5],
			"rotation": {"angle": -22.5, "axis": "z", "origin": [8, 8, 7]},
			"faces": {
				"north": {"uv": [0.032, 0.032, 15.968, 0.968], "texture": "#5"},
				"west": {"uv": [0.032, 0.032, 15.968, 0.968], "texture": "#5"}
			}
		},
		{
			"name": "OuterRingCeramic4",
			"from": [6.92587, 13, 6.7],
			"to": [9.07413, 13.4, 7.5],
			"rotation": {"angle": 45, "axis": "z", "origin": [8, 8, 7]},
			"faces": {
				"north": {"uv": [0.032, 0.032, 15.968, 0.968], "texture": "#5"},
				"up": {"uv": [0.032, 0.032, 15.968, 0.968], "texture": "#5"}
			}
		},
		{
			"name": "OuterRingCeramic4",
			"from": [6.92587, 13, 6.7],
			"to": [9.07413, 13.4, 7.5],
			"rotation": {"angle": 22.5, "axis": "z", "origin": [8, 8, 7]},
			"faces": {
				"north": {"uv": [0.032, 0.032, 15.968, 0.968], "texture": "#5"},
				"up": {"uv": [0.032, 0.032, 15.968, 0.968], "texture": "#5"}
			}
		},
		{
			"name": "OuterRingCeramic4",
			"from": [6.92587, 13, 6.7],
			"to": [9.07413, 13.4, 7.5],
			"rotation": {"angle": 0, "axis": "y", "origin": [8, 8, 7]},
			"faces": {
				"north": {"uv": [0.032, 0.032, 15.968, 0.968], "texture": "#5"},
				"up": {"uv": [0.032, 0.032, 15.968, 0.968], "texture": "#5"}
			}
		},
		{
			"name": "OuterRingCeramic4",
			"from": [6.92587, 13, 6.7],
			"to": [9.07413, 13.4, 7.5],
			"rotation": {"angle": -22.5, "axis": "z", "origin": [8, 8, 7]},
			"faces": {
				"north": {"uv": [0.032, 0.032, 15.968, 0.968], "texture": "#5"},
				"up": {"uv": [0.032, 0.032, 15.968, 0.968], "texture": "#5"}
			}
		},
		{
			"name": "OuterRingCeramic4",
			"from": [6.92587, 13, 6.7],
			"to": [9.07413, 13.4, 7.5],
			"rotation": {"angle": -45, "axis": "z", "origin": [8, 8, 7]},
			"faces": {
				"north": {"uv": [0.032, 0.032, 15.968, 0.968], "texture": "#5"},
				"up": {"uv": [0.032, 0.032, 15.968, 0.968], "texture": "#5"}
			}
		},
		{
			"name": "OuterRingCeramic4",
			"from": [6.92587, 2.6, 6.7],
			"to": [9.07413, 3, 7.5],
			"rotation": {"angle": 45, "axis": "z", "origin": [8, 8, 7]},
			"faces": {
				"north": {"uv": [0.032, 0.032, 15.968, 0.968], "texture": "#5"},
				"down": {"uv": [0.032, 0.032, 15.968, 0.968], "texture": "#5"}
			}
		},
		{
			"name": "OuterRingCeramic4",
			"from": [6.92587, 2.6, 6.7],
			"to": [9.07413, 3, 7.5],
			"rotation": {"angle": 22.5, "axis": "z", "origin": [8, 8, 7]},
			"faces": {
				"north": {"uv": [0.032, 0.032, 15.968, 0.968], "texture": "#5"},
				"down": {"uv": [0.032, 0.032, 15.968, 0.968], "texture": "#5"}
			}
		},
		{
			"name": "OuterRingCeramic4",
			"from": [6.92587, 2.6, 6.7],
			"to": [9.07413, 3, 7.5],
			"rotation": {"angle": 0, "axis": "y", "origin": [8, 8, 7]},
			"faces": {
				"north": {"uv": [0.032, 0.032, 15.968, 0.968], "texture": "#5"},
				"down": {"uv": [0.032, 0.032, 15.968, 0.968], "texture": "#5"}
			}
		},
		{
			"name": "OuterRingCeramic4",
			"from": [6.92587, 2.6, 6.7],
			"to": [9.07413, 3, 7.5],
			"rotation": {"angle": -22.5, "axis": "z", "origin": [8, 8, 7]},
			"faces": {
				"north": {"uv": [0.032, 0.032, 15.968, 0.968], "texture": "#5"},
				"down": {"uv": [0.032, 0.032, 15.968, 0.968], "texture": "#5"}
			}
		},
		{
			"name": "OuterRingCeramic4",
			"from": [6.92587, 2.6, 6.7],
			"to": [9.07413, 3, 7.5],
			"rotation": {"angle": -45, "axis": "z", "origin": [8, 8, 7]},
			"faces": {
				"north": {"uv": [0.032, 0.032, 15.968, 0.968], "texture": "#5"},
				"down": {"uv": [0.032, 0.032, 15.968, 0.968], "texture": "#5"}
			}
		},
		{
			"name": "OuterRingCeramic5",
			"from": [13, 6.96566, 6.6],
			"to": [13.2, 9.03434, 7.5],
			"rotation": {"angle": 22.5, "axis": "z", "origin": [8, 8, 7]},
			"faces": {
				"north": {"uv": [0.032, 0.032, 15.968, 0.968], "texture": "#5"},
				"east": {"uv": [0.032, 0.032, 15.968, 0.968], "texture": "#5"}
			}
		},
		{
			"name": "OuterRingCeramic5",
			"from": [13, 6.96566, 6.6],
			"to": [13.2, 9.03434, 7.5],
			"rotation": {"angle": 0, "axis": "y", "origin": [8, 8, 7]},
			"faces": {
				"north": {"uv": [0.032, 0.032, 15.968, 0.968], "texture": "#5"},
				"east": {"uv": [0.032, 0.032, 15.968, 0.968], "texture": "#5"}
			}
		},
		{
			"name": "OuterRingCeramic5",
			"from": [13, 6.96566, 6.6],
			"to": [13.2, 9.03434, 7.5],
			"rotation": {"angle": -22.5, "axis": "z", "origin": [8, 8, 7]},
			"faces": {
				"north": {"uv": [0.032, 0.032, 15.968, 0.968], "texture": "#5"},
				"east": {"uv": [0.032, 0.032, 15.968, 0.968], "texture": "#5"}
			}
		},
		{
			"name": "OuterRingCeramic5",
			"from": [2.8, 6.96566, 6.6],
			"to": [3, 9.03434, 7.5],
			"rotation": {"angle": 22.5, "axis": "z", "origin": [8, 8, 7]},
			"faces": {
				"north": {"uv": [0.032, 0.032, 15.968, 0.968], "texture": "#5"},
				"west": {"uv": [0.032, 0.032, 15.968, 0.968], "texture": "#5"}
			}
		},
		{
			"name": "OuterRingCeramic5",
			"from": [2.8, 6.96566, 6.6],
			"to": [3, 9.03434, 7.5],
			"rotation": {"angle": 0, "axis": "y", "origin": [8, 8, 7]},
			"faces": {
				"north": {"uv": [0.032, 0.032, 15.968, 0.968], "texture": "#5"},
				"west": {"uv": [0.032, 0.032, 15.968, 0.968], "texture": "#5"}
			}
		},
		{
			"name": "OuterRingCeramic5",
			"from": [2.8, 6.96566, 6.6],
			"to": [3, 9.03434, 7.5],
			"rotation": {"angle": -22.5, "axis": "z", "origin": [8, 8, 7]},
			"faces": {
				"north": {"uv": [0.032, 0.032, 15.968, 0.968], "texture": "#5"},
				"west": {"uv": [0.032, 0.032, 15.968, 0.968], "texture": "#5"}
			}
		},
		{
			"name": "OuterRingCeramic5",
			"from": [6.96566, 13, 6.6],
			"to": [9.03434, 13.2, 7.5],
			"rotation": {"angle": 45, "axis": "z", "origin": [8, 8, 7]},
			"faces": {
				"north": {"uv": [0.032, 0.032, 15.968, 0.968], "texture": "#5"},
				"up": {"uv": [0.032, 0.032, 15.968, 0.968], "texture": "#5"}
			}
		},
		{
			"name": "OuterRingCeramic5",
			"from": [6.96566, 13, 6.6],
			"to": [9.03434, 13.2, 7.5],
			"rotation": {"angle": 22.5, "axis": "z", "origin": [8, 8, 7]},
			"faces": {
				"north": {"uv": [0.032, 0.032, 15.968, 0.968], "texture": "#5"},
				"up": {"uv": [0.032, 0.032, 15.968, 0.968], "texture": "#5"}
			}
		},
		{
			"name": "OuterRingCeramic5",
			"from": [6.96566, 13, 6.6],
			"to": [9.03434, 13.2, 7.5],
			"rotation": {"angle": 0, "axis": "y", "origin": [8, 8, 7]},
			"faces": {
				"north": {"uv": [0.032, 0.032, 15.968, 0.968], "texture": "#5"},
				"up": {"uv": [0.032, 0.032, 15.968, 0.968], "texture": "#5"}
			}
		},
		{
			"name": "OuterRingCeramic5",
			"from": [6.96566, 13, 6.6],
			"to": [9.03434, 13.2, 7.5],
			"rotation": {"angle": -22.5, "axis": "z", "origin": [8, 8, 7]},
			"faces": {
				"north": {"uv": [0.032, 0.032, 15.968, 0.968], "texture": "#5"},
				"up": {"uv": [0.032, 0.032, 15.968, 0.968], "texture": "#5"}
			}
		},
		{
			"name": "OuterRingCeramic5",
			"from": [6.96566, 13, 6.6],
			"to": [9.03434, 13.2, 7.5],
			"rotation": {"angle": -45, "axis": "z", "origin": [8, 8, 7]},
			"faces": {
				"north": {"uv": [0.032, 0.032, 15.968, 0.968], "texture": "#5"},
				"up": {"uv": [0.032, 0.032, 15.968, 0.968], "texture": "#5"}
			}
		},
		{
			"name": "OuterRingCeramic5",
			"from": [6.96566, 2.8, 6.6],
			"to": [9.03434, 3, 7.5],
			"rotation": {"angle": 45, "axis": "z", "origin": [8, 8, 7]},
			"faces": {
				"north": {"uv": [0.032, 0.032, 15.968, 0.968], "texture": "#5"},
				"down": {"uv": [0.032, 0.032, 15.968, 0.968], "texture": "#5"}
			}
		},
		{
			"name": "OuterRingCeramic5",
			"from": [6.96566, 2.8, 6.6],
			"to": [9.03434, 3, 7.5],
			"rotation": {"angle": 22.5, "axis": "z", "origin": [8, 8, 7]},
			"faces": {
				"north": {"uv": [0.032, 0.032, 15.968, 0.968], "texture": "#5"},
				"down": {"uv": [0.032, 0.032, 15.968, 0.968], "texture": "#5"}
			}
		},
		{
			"name": "OuterRingCeramic5",
			"from": [6.96566, 2.8, 6.6],
			"to": [9.03434, 3, 7.5],
			"rotation": {"angle": 0, "axis": "y", "origin": [8, 8, 7]},
			"faces": {
				"north": {"uv": [0.032, 0.032, 15.968, 0.968], "texture": "#5"},
				"down": {"uv": [0.032, 0.032, 15.968, 0.968], "texture": "#5"}
			}
		},
		{
			"name": "OuterRingCeramic5",
			"from": [6.96566, 2.8, 6.6],
			"to": [9.03434, 3, 7.5],
			"rotation": {"angle": -22.5, "axis": "z", "origin": [8, 8, 7]},
			"faces": {
				"north": {"uv": [0.032, 0.032, 15.968, 0.968], "texture": "#5"},
				"down": {"uv": [0.032, 0.032, 15.968, 0.968], "texture": "#5"}
			}
		},
		{
			"name": "OuterRingCeramic5",
			"from": [6.96566, 2.8, 6.6],
			"to": [9.03434, 3, 7.5],
			"rotation": {"angle": -45, "axis": "z", "origin": [8, 8, 7]},
			"faces": {
				"north": {"uv": [0.032, 0.032, 15.968, 0.968], "texture": "#5"},
				"down": {"uv": [0.032, 0.032, 15.968, 0.968], "texture": "#5"}
			}
		},
		{
			"from": [7.85, 7.85, 6],
			"to": [8.15, 8.15, 8],
			"faces": {
				"north": {"uv": [0.032, 0.032, 0.3, 0.3], "texture": "#6"},
				"east": {"uv": [0.032, 0.032, 1.968, 0.3], "texture": "#6"},
				"west": {"uv": [0.032, 0.032, 1.968, 0.3], "texture": "#6"},
				"up": {"uv": [0.032, 0.032, 0.3, 1.968], "texture": "#6"},
				"down": {"uv": [0.032, 0.032, 0.3, 1.968], "texture": "#6"}
			}
		},
		{
			"name": "Glass",
			"from": [1, 1, 7.3],
			"to": [15, 15, 9],
			"faces": {
				"north": {"uv": [0.032, 0.032, 13.968, 13.968], "texture": "#3"}
			}
		},
		{
			"from": [4, 4, 7.2],
			"to": [12, 12, 7.2],
			"faces": {
				"north": {"uv": [0.032, 0.032, 15.968, 15.968], "texture": "#7"}
			}
		},
		{
			"from": [2, 2, 5.95],
			"to": [14, 14, 5.95],
			"faces": {
				"north": {"uv": [0.032, 0.032, 15.968, 15.968], "texture": "#10"}
			}
		},
		{
			"name": "hexadecagon",
			"from": [7.00544, 3, 6.5],
			"to": [8.99456, 4.4, 7.5],
			"rotation": {"angle": -45, "axis": "z", "origin": [8, 8, 7]},
			"faces": {
				"north": {"uv": [9.125, 0.032, 15.968, 6.75], "texture": "#6"},
				"down": {"uv": [9.125, 0.032, 15.968, 6.75], "texture": "#6"}
			}
		},
		{
			"name": "hexadecagon",
			"from": [7.00544, 3, 6.5],
			"to": [8.99456, 4.4, 7.5],
			"rotation": {"angle": -22.5, "axis": "z", "origin": [8, 8, 7]},
			"faces": {
				"north": {"uv": [9.125, 0.032, 15.968, 6.75], "texture": "#6"},
				"down": {"uv": [9.125, 0.032, 15.968, 6.75], "texture": "#6"}
			}
		},
		{
			"name": "hexadecagon",
			"from": [7.00544, 3, 6.5],
			"to": [8.99456, 4.4, 7.5],
			"rotation": {"angle": 0, "axis": "y", "origin": [8, 8, 7]},
			"faces": {
				"north": {"uv": [9.125, 0.032, 15.968, 6.75], "texture": "#6"},
				"down": {"uv": [9.125, 0.032, 15.968, 6.75], "texture": "#6"}
			}
		},
		{
			"name": "hexadecagon",
			"from": [7.00544, 3, 6.5],
			"to": [8.99456, 4.4, 7.5],
			"rotation": {"angle": 22.5, "axis": "z", "origin": [8, 8, 7]},
			"faces": {
				"north": {"uv": [9.125, 0.032, 15.968, 6.75], "texture": "#6"},
				"down": {"uv": [9.125, 0.032, 15.968, 6.75], "texture": "#6"}
			}
		},
		{
			"name": "hexadecagon",
			"from": [7.00544, 3, 6.5],
			"to": [8.99456, 4.4, 7.5],
			"rotation": {"angle": 45, "axis": "z", "origin": [8, 8, 7]},
			"faces": {
				"north": {"uv": [9.125, 0.032, 15.968, 6.75], "texture": "#6"},
				"down": {"uv": [9.125, 0.032, 15.968, 6.75], "texture": "#6"}
			}
		},
		{
			"name": "hexadecagon",
			"from": [7.00544, 11.6, 6.5],
			"to": [8.99456, 13, 7.5],
			"rotation": {"angle": -45, "axis": "z", "origin": [8, 8, 7]},
			"faces": {
				"north": {"uv": [9.125, 0.032, 15.968, 6.75], "texture": "#6"},
				"up": {"uv": [9.125, 0.032, 15.968, 6.75], "texture": "#6"}
			}
		},
		{
			"name": "hexadecagon",
			"from": [7.00544, 11.6, 6.5],
			"to": [8.99456, 13, 7.5],
			"rotation": {"angle": -22.5, "axis": "z", "origin": [8, 8, 7]},
			"faces": {
				"north": {"uv": [9.125, 0.032, 15.968, 6.75], "texture": "#6"},
				"up": {"uv": [9.125, 0.032, 15.968, 6.75], "texture": "#6"}
			}
		},
		{
			"name": "hexadecagon",
			"from": [7.00544, 11.6, 6.5],
			"to": [8.99456, 13, 7.5],
			"rotation": {"angle": 0, "axis": "y", "origin": [8, 8, 7]},
			"faces": {
				"north": {"uv": [9.125, 0.032, 15.968, 6.75], "texture": "#6"},
				"up": {"uv": [9.125, 0.032, 15.968, 6.75], "texture": "#6"}
			}
		},
		{
			"name": "hexadecagon",
			"from": [7.00544, 11.6, 6.5],
			"to": [8.99456, 13, 7.5],
			"rotation": {"angle": 22.5, "axis": "z", "origin": [8, 8, 7]},
			"faces": {
				"north": {"uv": [9.125, 0.032, 15.968, 6.75], "texture": "#6"},
				"up": {"uv": [9.125, 0.032, 15.968, 6.75], "texture": "#6"}
			}
		},
		{
			"name": "hexadecagon",
			"from": [7.00544, 11.6, 6.5],
			"to": [8.99456, 13, 7.5],
			"rotation": {"angle": 45, "axis": "z", "origin": [8, 8, 7]},
			"faces": {
				"north": {"uv": [9.125, 0.032, 15.968, 6.75], "texture": "#6"},
				"up": {"uv": [9.125, 0.032, 15.968, 6.75], "texture": "#6"}
			}
		},
		{
			"name": "hexadecagon",
			"from": [3, 7.00544, 6.5],
			"to": [4.4, 8.99456, 7.5],
			"rotation": {"angle": -22.5, "axis": "z", "origin": [8, 8, 7]},
			"faces": {
				"north": {"uv": [9.125, 0.032, 15.968, 6.75], "texture": "#6"},
				"west": {"uv": [9.125, 0.032, 15.968, 6.75], "texture": "#6"}
			}
		},
		{
			"name": "hexadecagon",
			"from": [3, 7.00544, 6.5],
			"to": [4.4, 8.99456, 7.5],
			"rotation": {"angle": 0, "axis": "y", "origin": [8, 8, 7]},
			"faces": {
				"north": {"uv": [9.125, 0.032, 15.968, 6.75], "texture": "#6"},
				"west": {"uv": [9.125, 0.032, 15.968, 6.75], "texture": "#6"}
			}
		},
		{
			"name": "hexadecagon",
			"from": [3, 7.00544, 6.5],
			"to": [4.4, 8.99456, 7.5],
			"rotation": {"angle": 22.5, "axis": "z", "origin": [8, 8, 7]},
			"faces": {
				"north": {"uv": [9.125, 0.032, 15.968, 6.75], "texture": "#6"},
				"west": {"uv": [9.125, 0.032, 15.968, 6.75], "texture": "#6"}
			}
		},
		{
			"name": "hexadecagon",
			"from": [11.6, 7.00544, 6.5],
			"to": [13, 8.99456, 7.5],
			"rotation": {"angle": -22.5, "axis": "z", "origin": [8, 8, 7]},
			"faces": {
				"north": {"uv": [9.125, 0.032, 15.968, 6.75], "texture": "#6"},
				"east": {"uv": [9.125, 0.032, 15.968, 6.75], "texture": "#6"}
			}
		},
		{
			"name": "hexadecagon",
			"from": [11.6, 7.00544, 6.5],
			"to": [13, 8.99456, 7.5],
			"rotation": {"angle": 0, "axis": "y", "origin": [8, 8, 7]},
			"faces": {
				"north": {"uv": [9.125, 0.032, 15.968, 6.75], "texture": "#6"},
				"east": {"uv": [9.125, 0.032, 15.968, 6.75], "texture": "#6"}
			}
		},
		{
			"name": "hexadecagon",
			"from": [11.6, 7.00544, 6.5],
			"to": [13, 8.99456, 7.5],
			"rotation": {"angle": 22.5, "axis": "z", "origin": [8, 8, 7]},
			"faces": {
				"north": {"uv": [9.125, 0.032, 15.968, 6.75], "texture": "#6"},
				"east": {"uv": [9.125, 0.032, 15.968, 6.75], "texture": "#6"}
			}
		},
		{
			"name": "hexadecagon",
			"from": [7.28392, 4.4, 6.5],
			"to": [8.71608, 4.6, 7.5],
			"rotation": {"angle": -45, "axis": "z", "origin": [8, 8, 7]},
			"faces": {
				"north": {"uv": [0.032, 0.032, 0.968, 0.968], "texture": "#5"},
				"south": {"uv": [0.032, 0.032, -0.1, -0.1], "texture": "#5"},
				"up": {"uv": [0.032, 0.032, 0.968, 0.968], "texture": "#5"}
			}
		},
		{
			"name": "hexadecagon",
			"from": [7.28392, 4.4, 6.5],
			"to": [8.71608, 4.6, 7.5],
			"rotation": {"angle": -22.5, "axis": "z", "origin": [8, 8, 7]},
			"faces": {
				"north": {"uv": [0.032, 0.032, 0.968, 0.968], "texture": "#5"},
				"south": {"uv": [0.032, 0.032, -0.1, -0.1], "texture": "#5"},
				"up": {"uv": [0.032, 0.032, 0.968, 0.968], "texture": "#5"}
			}
		},
		{
			"name": "hexadecagon",
			"from": [7.28392, 4.4, 6.5],
			"to": [8.71608, 4.6, 7.5],
			"rotation": {"angle": 0, "axis": "y", "origin": [8, 8, 7]},
			"faces": {
				"north": {"uv": [0.032, 0.032, 0.968, 0.968], "texture": "#5"},
				"up": {"uv": [0.032, 0.032, 0.968, 0.968], "texture": "#5"}
			}
		},
		{
			"name": "hexadecagon",
			"from": [7.28392, 4.4, 6.5],
			"to": [8.71608, 4.6, 7.5],
			"rotation": {"angle": 22.5, "axis": "z", "origin": [8, 8, 7]},
			"faces": {
				"north": {"uv": [0.032, 0.032, 0.968, 0.968], "texture": "#5"},
				"south": {"uv": [0.032, 0.032, -0.1, -0.1], "texture": "#5"},
				"up": {"uv": [0.032, 0.032, 0.968, 0.968], "texture": "#5"}
			}
		},
		{
			"name": "hexadecagon",
			"from": [7.28392, 4.4, 6.5],
			"to": [8.71608, 4.6, 7.5],
			"rotation": {"angle": 45, "axis": "z", "origin": [8, 8, 7]},
			"faces": {
				"north": {"uv": [0.032, 0.032, 0.968, 0.968], "texture": "#5"},
				"south": {"uv": [0.032, 0.032, -0.1, -0.1], "texture": "#5"},
				"up": {"uv": [0.032, 0.032, 0.968, 0.968], "texture": "#5"}
			}
		},
		{
			"name": "hexadecagon",
			"from": [7.28392, 11.4, 6.5],
			"to": [8.71608, 11.6, 7.5],
			"rotation": {"angle": -45, "axis": "z", "origin": [8, 8, 7]},
			"faces": {
				"north": {"uv": [0.032, 0.032, 0.968, 0.968], "texture": "#5"},
				"south": {"uv": [0.032, 0.032, -0.1, -0.1], "texture": "#5"},
				"down": {"uv": [0.032, 0.032, 0.968, 0.968], "texture": "#5"}
			}
		},
		{
			"name": "hexadecagon",
			"from": [7.28392, 11.4, 6.5],
			"to": [8.71608, 11.6, 7.5],
			"rotation": {"angle": -22.5, "axis": "z", "origin": [8, 8, 7]},
			"faces": {
				"north": {"uv": [0.032, 0.032, 0.968, 0.968], "texture": "#5"},
				"south": {"uv": [0.032, 0.032, -0.1, -0.1], "texture": "#5"},
				"down": {"uv": [0.032, 0.032, 0.968, 0.968], "texture": "#5"}
			}
		},
		{
			"name": "hexadecagon",
			"from": [7.28392, 11.4, 6.5],
			"to": [8.71608, 11.6, 7.5],
			"rotation": {"angle": 0, "axis": "y", "origin": [8, 8, 7]},
			"faces": {
				"north": {"uv": [0.032, 0.032, 0.968, 0.968], "texture": "#5"},
				"down": {"uv": [0.032, 0.032, 0.968, 0.968], "texture": "#5"}
			}
		},
		{
			"name": "hexadecagon",
			"from": [7.28392, 11.4, 6.5],
			"to": [8.71608, 11.6, 7.5],
			"rotation": {"angle": 22.5, "axis": "z", "origin": [8, 8, 7]},
			"faces": {
				"north": {"uv": [0.032, 0.032, 0.968, 0.968], "texture": "#5"},
				"south": {"uv": [0.032, 0.032, -0.1, -0.1], "texture": "#5"},
				"down": {"uv": [0.032, 0.032, 0.968, 0.968], "texture": "#5"}
			}
		},
		{
			"name": "hexadecagon",
			"from": [7.28392, 11.4, 6.5],
			"to": [8.71608, 11.6, 7.5],
			"rotation": {"angle": 45, "axis": "z", "origin": [8, 8, 7]},
			"faces": {
				"north": {"uv": [0.032, 0.032, 0.968, 0.968], "texture": "#5"},
				"south": {"uv": [0.032, 0.032, -0.1, -0.1], "texture": "#5"},
				"down": {"uv": [0.032, 0.032, 0.968, 0.968], "texture": "#5"}
			}
		},
		{
			"name": "hexadecagon",
			"from": [4.4, 7.28392, 6.5],
			"to": [4.6, 8.71608, 7.5],
			"rotation": {"angle": -22.5, "axis": "z", "origin": [8, 8, 7]},
			"faces": {
				"north": {"uv": [0.032, 0.032, 0.968, 0.968], "texture": "#5"},
				"east": {"uv": [0.032, 0.032, 0.968, 0.968], "texture": "#5"},
				"south": {"uv": [0.032, 0.032, -0.1, -0.1], "texture": "#5"}
			}
		},
		{
			"name": "hexadecagon",
			"from": [4.4, 7.28392, 6.5],
			"to": [4.6, 8.71608, 7.5],
			"rotation": {"angle": 0, "axis": "y", "origin": [8, 8, 7]},
			"faces": {
				"north": {"uv": [0.032, 0.032, 0.968, 0.968], "texture": "#5"},
				"east": {"uv": [0.032, 0.032, 0.968, 0.968], "texture": "#5"}
			}
		},
		{
			"name": "hexadecagon",
			"from": [4.4, 7.28392, 6.5],
			"to": [4.6, 8.71608, 7.5],
			"rotation": {"angle": 22.5, "axis": "z", "origin": [8, 8, 7]},
			"faces": {
				"north": {"uv": [0.032, 0.032, 0.968, 0.968], "texture": "#5"},
				"east": {"uv": [0.032, 0.032, 0.968, 0.968], "texture": "#5"},
				"south": {"uv": [0.032, 0.032, -0.1, -0.1], "texture": "#5"}
			}
		},
		{
			"name": "hexadecagon",
			"from": [11.4, 7.28392, 6.5],
			"to": [11.6, 8.71608, 7.5],
			"rotation": {"angle": -22.5, "axis": "z", "origin": [8, 8, 7]},
			"faces": {
				"north": {"uv": [0.032, 0.032, 0.968, 0.968], "texture": "#5"},
				"south": {"uv": [0.032, 0.032, -0.1, -0.1], "texture": "#5"},
				"west": {"uv": [0.032, 0.032, 0.968, 0.968], "texture": "#5"}
			}
		},
		{
			"name": "hexadecagon",
			"from": [11.4, 7.28392, 6.5],
			"to": [11.6, 8.71608, 7.5],
			"rotation": {"angle": 0, "axis": "y", "origin": [8, 8, 7]},
			"faces": {
				"north": {"uv": [0.032, 0.032, 0.968, 0.968], "texture": "#5"},
				"west": {"uv": [0.032, 0.032, 0.968, 0.968], "texture": "#5"}
			}
		},
		{
			"name": "hexadecagon",
			"from": [11.4, 7.28392, 6.5],
			"to": [11.6, 8.71608, 7.5],
			"rotation": {"angle": 22.5, "axis": "z", "origin": [8, 8, 7]},
			"faces": {
				"north": {"uv": [0.032, 0.032, 0.968, 0.968], "texture": "#5"},
				"south": {"uv": [0.032, 0.032, -0.1, -0.1], "texture": "#5"},
				"west": {"uv": [0.032, 0.032, 0.968, 0.968], "texture": "#5"}
			}
		},
		{
			"name": "hexadecagon",
			"from": [7.3237, 4.6, 6.8],
			"to": [8.6763, 4.8, 7.5],
			"rotation": {"angle": -45, "axis": "z", "origin": [8, 8, 7]},
			"faces": {
				"north": {"uv": [0.032, 11.032, 4.968, 15.968], "texture": "#6"},
				"up": {"uv": [0.032, 11.032, 4.968, 15.968], "texture": "#6"}
			}
		},
		{
			"name": "hexadecagon",
			"from": [7.3237, 4.6, 6.8],
			"to": [8.6763, 4.8, 7.5],
			"rotation": {"angle": -22.5, "axis": "z", "origin": [8, 8, 7]},
			"faces": {
				"north": {"uv": [0.032, 11.032, 4.968, 15.968], "texture": "#6"},
				"up": {"uv": [0.032, 11.032, 4.968, 15.968], "texture": "#6"}
			}
		},
		{
			"name": "hexadecagon",
			"from": [7.3237, 4.6, 6.8],
			"to": [8.6763, 4.8, 7.5],
			"rotation": {"angle": 0, "axis": "y", "origin": [8, 8, 7]},
			"faces": {
				"north": {"uv": [0.032, 11.032, 4.968, 15.968], "texture": "#6"},
				"up": {"uv": [0.032, 11.032, 4.968, 15.968], "texture": "#6"}
			}
		},
		{
			"name": "hexadecagon",
			"from": [7.3237, 4.6, 6.8],
			"to": [8.6763, 4.8, 7.5],
			"rotation": {"angle": 22.5, "axis": "z", "origin": [8, 8, 7]},
			"faces": {
				"north": {"uv": [0.032, 11.032, 4.968, 15.968], "texture": "#6"},
				"up": {"uv": [0.032, 11.032, 4.968, 15.968], "texture": "#6"}
			}
		},
		{
			"name": "hexadecagon",
			"from": [7.3237, 4.6, 6.8],
			"to": [8.6763, 4.8, 7.5],
			"rotation": {"angle": 45, "axis": "z", "origin": [8, 8, 7]},
			"faces": {
				"north": {"uv": [0.032, 11.032, 4.968, 15.968], "texture": "#6"},
				"up": {"uv": [0.032, 11.032, 4.968, 15.968], "texture": "#6"}
			}
		},
		{
			"name": "hexadecagon",
			"from": [7.3237, 11.2, 6.8],
			"to": [8.6763, 11.4, 7.5],
			"rotation": {"angle": -45, "axis": "z", "origin": [8, 8, 7]},
			"faces": {
				"north": {"uv": [0.032, 11.032, 4.968, 15.968], "texture": "#6"},
				"down": {"uv": [0.032, 11.032, 4.968, 15.968], "texture": "#6"}
			}
		},
		{
			"name": "hexadecagon",
			"from": [7.3237, 11.2, 6.8],
			"to": [8.6763, 11.4, 7.5],
			"rotation": {"angle": -22.5, "axis": "z", "origin": [8, 8, 7]},
			"faces": {
				"north": {"uv": [0.032, 11.032, 4.968, 15.968], "texture": "#6"},
				"down": {"uv": [0.032, 11.032, 4.968, 15.968], "texture": "#6"}
			}
		},
		{
			"name": "hexadecagon",
			"from": [7.3237, 11.2, 6.8],
			"to": [8.6763, 11.4, 7.5],
			"rotation": {"angle": 0, "axis": "y", "origin": [8, 8, 7]},
			"faces": {
				"north": {"uv": [0.032, 11.032, 4.968, 15.968], "texture": "#6"},
				"down": {"uv": [0.032, 11.032, 4.968, 15.968], "texture": "#6"}
			}
		},
		{
			"name": "hexadecagon",
			"from": [7.3237, 11.2, 6.8],
			"to": [8.6763, 11.4, 7.5],
			"rotation": {"angle": 22.5, "axis": "z", "origin": [8, 8, 7]},
			"faces": {
				"north": {"uv": [0.032, 11.032, 4.968, 15.968], "texture": "#6"},
				"down": {"uv": [0.032, 11.032, 4.968, 15.968], "texture": "#6"}
			}
		},
		{
			"name": "hexadecagon",
			"from": [7.3237, 11.2, 6.8],
			"to": [8.6763, 11.4, 7.5],
			"rotation": {"angle": 45, "axis": "z", "origin": [8, 8, 7]},
			"faces": {
				"north": {"uv": [0.032, 11.032, 4.968, 15.968], "texture": "#6"},
				"down": {"uv": [0.032, 11.032, 4.968, 15.968], "texture": "#6"}
			}
		},
		{
			"name": "hexadecagon",
			"from": [4.6, 7.3237, 6.8],
			"to": [4.8, 8.6763, 7.5],
			"rotation": {"angle": -22.5, "axis": "z", "origin": [8, 8, 7]},
			"faces": {
				"north": {"uv": [0.032, 11.032, 4.968, 15.968], "texture": "#6"},
				"east": {"uv": [0.032, 11.032, 4.968, 15.968], "texture": "#6"}
			}
		},
		{
			"name": "hexadecagon",
			"from": [4.6, 7.3237, 6.8],
			"to": [4.8, 8.6763, 7.5],
			"rotation": {"angle": 0, "axis": "y", "origin": [8, 8, 7]},
			"faces": {
				"north": {"uv": [0.032, 11.032, 4.968, 15.968], "texture": "#6"},
				"east": {"uv": [0.032, 11.032, 4.968, 15.968], "texture": "#6"}
			}
		},
		{
			"name": "hexadecagon",
			"from": [4.6, 7.3237, 6.8],
			"to": [4.8, 8.6763, 7.5],
			"rotation": {"angle": 22.5, "axis": "z", "origin": [8, 8, 7]},
			"faces": {
				"north": {"uv": [0.032, 11.032, 4.968, 15.968], "texture": "#6"},
				"east": {"uv": [0.032, 11.032, 4.968, 15.968], "texture": "#6"}
			}
		},
		{
			"name": "hexadecagon",
			"from": [11.2, 7.3237, 6.8],
			"to": [11.4, 8.6763, 7.5],
			"rotation": {"angle": -22.5, "axis": "z", "origin": [8, 8, 7]},
			"faces": {
				"north": {"uv": [0.032, 11.032, 4.968, 15.968], "texture": "#6"},
				"west": {"uv": [0.032, 11.032, 4.968, 15.968], "texture": "#6"}
			}
		},
		{
			"name": "hexadecagon",
			"from": [11.2, 7.3237, 6.8],
			"to": [11.4, 8.6763, 7.5],
			"rotation": {"angle": 0, "axis": "y", "origin": [8, 8, 7]},
			"faces": {
				"north": {"uv": [0.032, 11.032, 4.968, 15.968], "texture": "#6"},
				"west": {"uv": [0.032, 11.032, 4.968, 15.968], "texture": "#6"}
			}
		},
		{
			"name": "hexadecagon",
			"from": [11.2, 7.3237, 6.8],
			"to": [11.4, 8.6763, 7.5],
			"rotation": {"angle": 22.5, "axis": "z", "origin": [8, 8, 7]},
			"faces": {
				"north": {"uv": [0.032, 11.032, 4.968, 15.968], "texture": "#6"},
				"west": {"uv": [0.032, 11.032, 4.968, 15.968], "texture": "#6"}
			}
		},
		{
			"name": "Frame",
			"from": [6.90598, 2.5, 5.9],
			"to": [9.09402, 2.8, 6],
			"rotation": {"angle": -45, "axis": "z", "origin": [8, 8, 6.4]},
			"faces": {
				"north": {"uv": [0.032, 0.032, 7.968, 7.968], "texture": "#8"},
				"south": {"uv": [9.34375, 9.125, 15.968, 15.968], "texture": "#6"},
				"up": {"uv": [9.34375, 9.125, 15.968, 15.968], "texture": "#6"},
				"down": {"uv": [9.34375, 9.125, 15.968, 15.968], "texture": "#6"}
			}
		},
		{
			"name": "Frame",
			"from": [6.90598, 2.5, 5.9],
			"to": [9.09402, 2.8, 6],
			"rotation": {"angle": -22.5, "axis": "z", "origin": [8, 8, 6.4]},
			"faces": {
				"north": {"uv": [0.032, 0.032, 7.968, 7.968], "texture": "#8"},
				"south": {"uv": [9.34375, 9.125, 15.968, 15.968], "texture": "#6"},
				"up": {"uv": [9.34375, 9.125, 15.968, 15.968], "texture": "#6"},
				"down": {"uv": [9.34375, 9.125, 15.968, 15.968], "texture": "#6"}
			}
		},
		{
			"name": "Frame",
			"from": [6.90598, 2.5, 5.9],
			"to": [9.09402, 2.8, 6],
			"rotation": {"angle": 0, "axis": "y", "origin": [8, 8, 6.4]},
			"faces": {
				"north": {"uv": [0.032, 0.032, 7.968, 7.968], "texture": "#8"},
				"south": {"uv": [9.34375, 9.125, 15.968, 15.968], "texture": "#6"},
				"up": {"uv": [9.34375, 9.125, 15.968, 15.968], "texture": "#6"},
				"down": {"uv": [9.34375, 9.125, 15.968, 15.968], "texture": "#6"}
			}
		},
		{
			"name": "Frame",
			"from": [6.90598, 2.5, 5.9],
			"to": [9.09402, 2.8, 6],
			"rotation": {"angle": 22.5, "axis": "z", "origin": [8, 8, 6.4]},
			"faces": {
				"north": {"uv": [0.032, 0.032, 7.968, 7.968], "texture": "#8"},
				"south": {"uv": [9.34375, 9.125, 15.968, 15.968], "texture": "#6"},
				"up": {"uv": [9.34375, 9.125, 15.968, 15.968], "texture": "#6"},
				"down": {"uv": [9.34375, 9.125, 15.968, 15.968], "texture": "#6"}
			}
		},
		{
			"name": "Frame",
			"from": [6.90598, 2.5, 5.9],
			"to": [9.09402, 2.8, 6],
			"rotation": {"angle": 45, "axis": "z", "origin": [8, 8, 6.4]},
			"faces": {
				"north": {"uv": [0.032, 0.032, 7.968, 7.968], "texture": "#8"},
				"south": {"uv": [9.34375, 9.125, 15.968, 15.968], "texture": "#6"},
				"up": {"uv": [9.34375, 9.125, 15.968, 15.968], "texture": "#6"},
				"down": {"uv": [9.34375, 9.125, 15.968, 15.968], "texture": "#6"}
			}
		},
		{
			"name": "Frame",
			"from": [6.90598, 13.2, 5.9],
			"to": [9.09402, 13.5, 6],
			"rotation": {"angle": -45, "axis": "z", "origin": [8, 8, 6.4]},
			"faces": {
				"north": {"uv": [0.032, 0.032, 7.968, 7.968], "texture": "#8"},
				"south": {"uv": [9.34375, 9.125, 15.968, 15.968], "texture": "#6"},
				"up": {"uv": [9.34375, 9.125, 15.968, 15.968], "texture": "#6"},
				"down": {"uv": [9.34375, 9.125, 15.968, 15.968], "texture": "#6"}
			}
		},
		{
			"name": "Frame",
			"from": [6.90598, 13.2, 5.9],
			"to": [9.09402, 13.5, 6],
			"rotation": {"angle": -22.5, "axis": "z", "origin": [8, 8, 6.4]},
			"faces": {
				"north": {"uv": [0.032, 0.032, 7.968, 7.968], "texture": "#8"},
				"south": {"uv": [9.34375, 9.125, 15.968, 15.968], "texture": "#6"},
				"up": {"uv": [9.34375, 9.125, 15.968, 15.968], "texture": "#6"},
				"down": {"uv": [9.34375, 9.125, 15.968, 15.968], "texture": "#6"}
			}
		},
		{
			"name": "Frame",
			"from": [6.90598, 13.2, 5.9],
			"to": [9.09402, 13.5, 6],
			"rotation": {"angle": 0, "axis": "y", "origin": [8, 8, 6.4]},
			"faces": {
				"north": {"uv": [0.032, 0.032, 7.968, 7.968], "texture": "#8"},
				"south": {"uv": [9.34375, 9.125, 15.968, 15.968], "texture": "#6"},
				"up": {"uv": [9.34375, 9.125, 15.968, 15.968], "texture": "#6"},
				"down": {"uv": [9.34375, 9.125, 15.968, 15.968], "texture": "#6"}
			}
		},
		{
			"name": "Frame",
			"from": [6.90598, 13.2, 5.9],
			"to": [9.09402, 13.5, 6],
			"rotation": {"angle": 22.5, "axis": "z", "origin": [8, 8, 6.4]},
			"faces": {
				"north": {"uv": [0.032, 0.032, 7.968, 7.968], "texture": "#8"},
				"south": {"uv": [9.34375, 9.125, 15.968, 15.968], "texture": "#6"},
				"up": {"uv": [9.34375, 9.125, 15.968, 15.968], "texture": "#6"},
				"down": {"uv": [9.34375, 9.125, 15.968, 15.968], "texture": "#6"}
			}
		},
		{
			"name": "Frame",
			"from": [6.90598, 13.2, 5.9],
			"to": [9.09402, 13.5, 6],
			"rotation": {"angle": 45, "axis": "z", "origin": [8, 8, 6.4]},
			"faces": {
				"north": {"uv": [0.032, 0.032, 7.968, 7.968], "texture": "#8"},
				"south": {"uv": [9.34375, 9.125, 15.968, 15.968], "texture": "#6"},
				"up": {"uv": [9.34375, 9.125, 15.968, 15.968], "texture": "#6"},
				"down": {"uv": [9.34375, 9.125, 15.968, 15.968], "texture": "#6"}
			}
		},
		{
			"name": "Frame",
			"from": [2.5, 6.90598, 5.9],
			"to": [2.8, 9.09402, 6],
			"rotation": {"angle": -22.5, "axis": "z", "origin": [8, 8, 6.4]},
			"faces": {
				"north": {"uv": [0.032, 0.032, 7.968, 7.968], "texture": "#8"},
				"east": {"uv": [9.34375, 9.125, 15.968, 15.968], "texture": "#6"},
				"south": {"uv": [9.34375, 9.125, 15.968, 15.968], "texture": "#6"},
				"west": {"uv": [9.34375, 9.125, 15.968, 15.968], "texture": "#6"}
			}
		},
		{
			"name": "Frame",
			"from": [2.5, 6.90598, 5.9],
			"to": [2.8, 9.09402, 6],
			"rotation": {"angle": 0, "axis": "y", "origin": [8, 8, 6.4]},
			"faces": {
				"north": {"uv": [0.032, 0.032, 7.968, 7.968], "texture": "#8"},
				"east": {"uv": [9.34375, 9.125, 15.968, 15.968], "texture": "#6"},
				"south": {"uv": [9.34375, 9.125, 15.968, 15.968], "texture": "#6"},
				"west": {"uv": [9.34375, 9.125, 15.968, 15.968], "texture": "#6"}
			}
		},
		{
			"name": "Frame",
			"from": [2.5, 6.90598, 5.9],
			"to": [2.8, 9.09402, 6],
			"rotation": {"angle": 22.5, "axis": "z", "origin": [8, 8, 6.4]},
			"faces": {
				"north": {"uv": [0.032, 0.032, 7.968, 7.968], "texture": "#8"},
				"east": {"uv": [9.34375, 9.125, 15.968, 15.968], "texture": "#6"},
				"south": {"uv": [9.34375, 9.125, 15.968, 15.968], "texture": "#6"},
				"west": {"uv": [9.34375, 9.125, 15.968, 15.968], "texture": "#6"}
			}
		},
		{
			"name": "Frame",
			"from": [13.2, 6.90598, 5.9],
			"to": [13.5, 9.09402, 6],
			"rotation": {"angle": -22.5, "axis": "z", "origin": [8, 8, 6.4]},
			"faces": {
				"north": {"uv": [0.032, 0.032, 7.968, 7.968], "texture": "#8"},
				"east": {"uv": [9.34375, 9.125, 15.968, 15.968], "texture": "#6"},
				"south": {"uv": [9.34375, 9.125, 15.968, 15.968], "texture": "#6"},
				"west": {"uv": [9.34375, 9.125, 15.968, 15.968], "texture": "#6"}
			}
		},
		{
			"name": "Frame",
			"from": [13.2, 6.90598, 5.9],
			"to": [13.5, 9.09402, 6],
			"rotation": {"angle": 0, "axis": "y", "origin": [8, 8, 6.4]},
			"faces": {
				"north": {"uv": [0.032, 0.032, 7.968, 7.968], "texture": "#8"},
				"east": {"uv": [9.34375, 9.125, 15.968, 15.968], "texture": "#6"},
				"south": {"uv": [9.34375, 9.125, 15.968, 15.968], "texture": "#6"},
				"west": {"uv": [9.34375, 9.125, 15.968, 15.968], "texture": "#6"}
			}
		},
		{
			"name": "Frame",
			"from": [13.2, 6.90598, 5.9],
			"to": [13.5, 9.09402, 6],
			"rotation": {"angle": 22.5, "axis": "z", "origin": [8, 8, 6.4]},
			"faces": {
				"north": {"uv": [0.032, 0.032, 7.968, 7.968], "texture": "#8"},
				"east": {"uv": [9.34375, 9.125, 15.968, 15.968], "texture": "#6"},
				"south": {"uv": [9.34375, 9.125, 15.968, 15.968], "texture": "#6"},
				"west": {"uv": [9.34375, 9.125, 15.968, 15.968], "texture": "#6"}
			}
		},
		{
			"name": "Glow",
			"from": [0, 15, 7.3],
			"to": [16, 16, 8.3],
			"faces": {
				"north": {"uv": [1.032, 0.032, 1.968, 0.968], "texture": "#4"}
			}
		},
		{
			"name": "Glow",
			"from": [0, 0, 7.3],
			"to": [16, 1, 8.3],
			"faces": {
				"north": {"uv": [1.032, 0.032, 1.968, 0.968], "texture": "#4"}
			}
		},
		{
			"name": "Glow",
			"from": [0, 1, 7.3],
			"to": [1, 15, 8.3],
			"faces": {
				"north": {"uv": [1.032, 0.032, 1.968, 0.968], "rotation": 90, "texture": "#4"}
			}
		},
		{
			"name": "Glow",
			"from": [15, 1, 7.3],
			"to": [16, 15, 8.3],
			"faces": {
				"north": {"uv": [1.032, 0.032, 1.968, 0.968], "rotation": 90, "texture": "#4"}
			}
		},
		{
			"name": "FrameInner",
			"from": [1.2, 0.8, 7],
			"to": [14.9, 1.1, 9],
			"faces": {
				"north": {"uv": [0.032, 0.032, 15.968, 0.968], "texture": "#6"},
				"up": {"uv": [0.032, 0.032, 15.968, 0.968], "texture": "#6"},
				"down": {"uv": [0.032, 0.032, 15.968, 0.968], "texture": "#6"}
			}
		},
		{
			"name": "FrameInner",
			"from": [0.9, 0.8, 7],
			"to": [1.2, 15.1, 9],
			"faces": {
				"north": {"uv": [0.032, 0.032, 15.968, 0.968], "rotation": 90, "texture": "#6"},
				"east": {"uv": [0.032, 0.032, 15.968, 0.968], "rotation": 270, "texture": "#6"},
				"west": {"uv": [0.032, 0.032, 15.968, 0.968], "rotation": 270, "texture": "#6"},
				"up": {"uv": [0.032, 0.032, 15.968, 0.968], "rotation": 270, "texture": "#6"},
				"down": {"uv": [0.032, 0.032, 15.968, 0.968], "rotation": 270, "texture": "#6"}
			}
		},
		{
			"name": "FrameInner",
			"from": [14.9, 0.8, 7],
			"to": [15.2, 15.1, 9],
			"faces": {
				"north": {"uv": [0.032, 0.032, 15.968, 0.968], "rotation": 90, "texture": "#6"},
				"east": {"uv": [0.032, 0.032, 15.968, 0.968], "rotation": 270, "texture": "#6"},
				"west": {"uv": [0.032, 0.032, 15.968, 0.968], "rotation": 270, "texture": "#6"},
				"up": {"uv": [0.032, 0.032, 15.968, 0.968], "rotation": 270, "texture": "#6"},
				"down": {"uv": [0.032, 0.032, 15.968, 0.968], "rotation": 270, "texture": "#6"}
			}
		},
		{
			"name": "FrameInner",
			"from": [1.2, 14.8, 7],
			"to": [14.9, 15.1, 9],
			"faces": {
				"north": {"uv": [0.032, 0.032, 15.968, 0.968], "texture": "#6"},
				"up": {"uv": [0.032, 0.032, 15.968, 0.968], "texture": "#6"},
				"down": {"uv": [0.032, 0.032, 15.968, 0.968], "texture": "#6"}
			}
		},
		{
			"name": "FrameOuter",
			"from": [-0.1, 0.1, 7],
			"to": [0.2, 15.8, 9],
			"faces": {
				"north": {"uv": [0.032, 0.032, 15.968, 0.968], "rotation": 90, "texture": "#6"},
				"east": {"uv": [0.032, 0.032, 15.968, 0.968], "rotation": 270, "texture": "#6"},
				"west": {"uv": [0.032, 0.032, 15.968, 0.968], "rotation": 270, "texture": "#6"}
			}
		},
		{
			"name": "FrameOuter",
			"from": [15.9, 0.1, 7],
			"to": [16.2, 15.8, 9],
			"faces": {
				"north": {"uv": [0.032, 0.032, 15.968, 0.968], "rotation": 90, "texture": "#6"},
				"east": {"uv": [0.032, 0.032, 15.968, 0.968], "rotation": 270, "texture": "#6"},
				"west": {"uv": [0.032, 0.032, 15.968, 0.968], "rotation": 270, "texture": "#6"}
			}
		},
		{
			"name": "FrameOuter",
			"from": [-0.1, 15.8, 7],
			"to": [16.2, 16.1, 9],
			"faces": {
				"north": {"uv": [0.032, 0.032, 15.968, 0.968], "texture": "#6"},
				"east": {"uv": [0.032, 0.032, 15.968, 0.968], "texture": "#6"},
				"west": {"uv": [0.032, 0.032, 15.968, 0.968], "texture": "#6"},
				"up": {"uv": [0.032, 0.032, 15.968, 0.968], "texture": "#6"},
				"down": {"uv": [0.032, 0.032, 15.968, 0.968], "texture": "#6"}
			}
		},
		{
			"name": "FrameOuter",
			"from": [-0.1, -0.2, 7],
			"to": [16.2, 0.1, 9],
			"faces": {
				"north": {"uv": [0.032, 0.032, 15.968, 0.968], "texture": "#6"},
				"east": {"uv": [0.032, 0.032, 15.968, 0.968], "texture": "#6"},
				"west": {"uv": [0.032, 0.032, 15.968, 0.968], "texture": "#6"},
				"up": {"uv": [0.032, 0.032, 15.968, 0.968], "texture": "#6"},
				"down": {"uv": [0.032, 0.032, 15.968, 0.968], "texture": "#6"}
			}
		},
		{
			"name": "FrameHold_a1",
			"from": [7.22587, 13.4, 5.925],
			"to": [8.77413, 14.125, 6],
			"rotation": {"angle": 0, "axis": "y", "origin": [8, 8, 6.4]},
			"faces": {
				"north": {"uv": [0.032, 0.032, 6.968, 6.968], "texture": "#9"},
				"east": {"uv": [0.032, 0.032, 6.968, 6.968], "texture": "#9"},
				"south": {"uv": [0.032, 0.032, 6.968, 6.968], "texture": "#9"},
				"west": {"uv": [0.032, 0.032, 6.968, 6.968], "texture": "#9"}
			}
		},
		{
			"name": "FrameHold_a1",
			"from": [13.4, 7.22587, 5.925],
			"to": [14.125, 8.77413, 6],
			"rotation": {"angle": 0, "axis": "y", "origin": [8, 8, 6.4]},
			"faces": {
				"north": {"uv": [0.032, 0.032, 6.968, 6.968], "texture": "#9"},
				"south": {"uv": [0.032, 0.032, 6.968, 6.968], "texture": "#9"},
				"up": {"uv": [0.032, 0.032, 6.968, 6.968], "texture": "#9"},
				"down": {"uv": [0.032, 0.032, 6.968, 6.968], "texture": "#9"}
			}
		},
		{
			"name": "FrameHold_a1",
			"from": [7.22587, 1.875, 5.925],
			"to": [8.77413, 2.6, 6],
			"rotation": {"angle": 0, "axis": "y", "origin": [8, 8, 6.4]},
			"faces": {
				"north": {"uv": [0.032, 0.032, 6.968, 6.968], "texture": "#9"},
				"east": {"uv": [0.032, 0.032, 6.968, 6.968], "texture": "#9"},
				"south": {"uv": [0.032, 0.032, 6.968, 6.968], "texture": "#9"},
				"west": {"uv": [0.032, 0.032, 6.968, 6.968], "texture": "#9"}
			}
		},
		{
			"name": "FrameHold_a1",
			"from": [1.85, 7.22587, 5.925],
			"to": [2.6, 8.62587, 6],
			"rotation": {"angle": 0, "axis": "y", "origin": [8, 8, 6.4]},
			"faces": {
				"north": {"uv": [0.032, 0.032, 6.968, 6.968], "texture": "#9"},
				"south": {"uv": [0.032, 0.032, 6.968, 6.968], "texture": "#9"},
				"up": {"uv": [0.032, 0.032, 6.968, 6.968], "texture": "#9"},
				"down": {"uv": [0.032, 0.032, 6.968, 6.968], "texture": "#9"}
			}
		},
		{
			"name": "FrameHold_a2",
			"from": [7.22587, 14.1, 5.9],
			"to": [8.77413, 14.2, 7.1],
			"rotation": {"angle": 0, "axis": "y", "origin": [8, 8, 6.4]},
			"faces": {
				"north": {"uv": [0.032, 0.032, 6.968, 6.968], "texture": "#9"},
				"east": {"uv": [0.032, 0.032, 6.968, 6.968], "texture": "#9"},
				"west": {"uv": [0.032, 0.032, 6.968, 6.968], "texture": "#9"},
				"up": {"uv": [0.032, 0.032, 6.968, 6.968], "texture": "#9"},
				"down": {"uv": [0.032, 0.032, 6.968, 6.968], "texture": "#9"}
			}
		},
		{
			"name": "FrameHold_a2",
			"from": [1.8, 7.22587, 5.9],
			"to": [1.9, 8.62587, 7.1],
			"rotation": {"angle": 0, "axis": "y", "origin": [8, 8, 6.4]},
			"faces": {
				"north": {"uv": [0.032, 0.032, 6.968, 6.968], "texture": "#9"},
				"east": {"uv": [0.032, 0.032, 6.968, 6.968], "texture": "#9"},
				"west": {"uv": [0.032, 0.032, 6.968, 6.968], "texture": "#9"},
				"up": {"uv": [0.032, 0.032, 6.968, 6.968], "texture": "#9"},
				"down": {"uv": [0.032, 0.032, 6.968, 6.968], "texture": "#9"}
			}
		},
		{
			"name": "FrameHold_a2",
			"from": [7.22587, 1.8, 5.9],
			"to": [8.77413, 1.9, 7.1],
			"rotation": {"angle": 0, "axis": "y", "origin": [8, 8, 6.4]},
			"faces": {
				"north": {"uv": [0.032, 0.032, 6.968, 6.968], "texture": "#9"},
				"east": {"uv": [0.032, 0.032, 6.968, 6.968], "texture": "#9"},
				"west": {"uv": [0.032, 0.032, 6.968, 6.968], "texture": "#9"},
				"up": {"uv": [0.032, 0.032, 6.968, 6.968], "texture": "#9"},
				"down": {"uv": [0.032, 0.032, 6.968, 6.968], "texture": "#9"}
			}
		},
		{
			"name": "FrameHold_a2",
			"from": [14.1, 7.22587, 5.9],
			"to": [14.2, 8.77413, 7.1],
			"rotation": {"angle": 0, "axis": "y", "origin": [8, 8, 6.4]},
			"faces": {
				"north": {"uv": [0.032, 0.032, 6.968, 6.968], "texture": "#9"},
				"east": {"uv": [0.032, 0.032, 6.968, 6.968], "texture": "#9"},
				"west": {"uv": [0.032, 0.032, 6.968, 6.968], "texture": "#9"},
				"up": {"uv": [0.032, 0.032, 6.968, 6.968], "texture": "#9"},
				"down": {"uv": [0.032, 0.032, 6.968, 6.968], "texture": "#9"}
			}
		},
		{
			"name": "FrameHold_a2",
			"from": [7.22587, 13.4, 5.925],
			"to": [8.77413, 14.125, 6],
			"rotation": {"angle": -22.5, "axis": "z", "origin": [8, 8, 6.4]},
			"faces": {
				"north": {"uv": [9.032, 0.032, 15.968, 6.968], "texture": "#9"},
				"east": {"uv": [9.032, 0.032, 15.968, 6.968], "texture": "#9"},
				"south": {"uv": [9.032, 0.032, 15.968, 6.968], "texture": "#9"},
				"west": {"uv": [9.032, 0.032, 15.968, 6.968], "texture": "#9"}
			}
		},
		{
			"name": "FrameHold_a2",
			"from": [13.4, 7.22587, 5.925],
			"to": [14.125, 8.77413, 6],
			"rotation": {"angle": -22.5, "axis": "z", "origin": [8, 8, 6.4]},
			"faces": {
				"north": {"uv": [9.032, 0.032, 15.968, 6.968], "texture": "#9"},
				"south": {"uv": [9.032, 0.032, 15.968, 6.968], "texture": "#9"},
				"up": {"uv": [9.032, 0.032, 15.968, 6.968], "texture": "#9"},
				"down": {"uv": [9.032, 0.032, 15.968, 6.968], "texture": "#9"}
			}
		},
		{
			"name": "FrameHold_a2",
			"from": [7.22587, 1.875, 5.925],
			"to": [8.77413, 2.6, 6],
			"rotation": {"angle": -22.5, "axis": "z", "origin": [8, 8, 6.4]},
			"faces": {
				"north": {"uv": [9.032, 0.032, 15.968, 6.968], "texture": "#9"},
				"east": {"uv": [9.032, 0.032, 15.968, 6.968], "texture": "#9"},
				"south": {"uv": [9.032, 0.032, 15.968, 6.968], "texture": "#9"},
				"west": {"uv": [9.032, 0.032, 15.968, 6.968], "texture": "#9"}
			}
		},
		{
			"name": "FrameHold_a2",
			"from": [1.85, 7.22587, 5.925],
			"to": [2.6, 8.62587, 6],
			"rotation": {"angle": -22.5, "axis": "z", "origin": [8, 8, 6.4]},
			"faces": {
				"north": {"uv": [9.032, 0.032, 15.968, 6.968], "texture": "#9"},
				"south": {"uv": [9.032, 0.032, 15.968, 6.968], "texture": "#9"},
				"up": {"uv": [9.032, 0.032, 15.968, 6.968], "texture": "#9"},
				"down": {"uv": [9.032, 0.032, 15.968, 6.968], "texture": "#9"}
			}
		},
		{
			"name": "FrameHold_a3",
			"from": [7.22587, 14.1, 5.9],
			"to": [8.77413, 14.2, 7.1],
			"rotation": {"angle": -22.5, "axis": "z", "origin": [8, 8, 6.4]},
			"faces": {
				"north": {"uv": [9.032, 0.032, 15.968, 6.968], "texture": "#9"},
				"east": {"uv": [9.032, 0.032, 15.968, 6.968], "texture": "#9"},
				"west": {"uv": [9.032, 0.032, 15.968, 6.968], "texture": "#9"},
				"up": {"uv": [9.032, 0.032, 15.968, 6.968], "texture": "#9"},
				"down": {"uv": [9.032, 0.032, 15.968, 6.968], "texture": "#9"}
			}
		},
		{
			"name": "FrameHold_a3",
			"from": [1.8, 7.22587, 5.9],
			"to": [1.9, 8.62587, 7.1],
			"rotation": {"angle": -22.5, "axis": "z", "origin": [8, 8, 6.4]},
			"faces": {
				"north": {"uv": [9.032, 0.032, 15.968, 6.968], "texture": "#9"},
				"east": {"uv": [9.032, 0.032, 15.968, 6.968], "texture": "#9"},
				"west": {"uv": [9.032, 0.032, 15.968, 6.968], "texture": "#9"},
				"up": {"uv": [9.032, 0.032, 15.968, 6.968], "texture": "#9"},
				"down": {"uv": [9.032, 0.032, 15.968, 6.968], "texture": "#9"}
			}
		},
		{
			"name": "FrameHold_a3",
			"from": [7.22587, 1.8, 5.9],
			"to": [8.77413, 1.9, 7.1],
			"rotation": {"angle": -22.5, "axis": "z", "origin": [8, 8, 6.4]},
			"faces": {
				"north": {"uv": [9.032, 0.032, 15.968, 6.968], "texture": "#9"},
				"east": {"uv": [9.032, 0.032, 15.968, 6.968], "texture": "#9"},
				"west": {"uv": [9.032, 0.032, 15.968, 6.968], "texture": "#9"},
				"up": {"uv": [9.032, 0.032, 15.968, 6.968], "texture": "#9"},
				"down": {"uv": [9.032, 0.032, 15.968, 6.968], "texture": "#9"}
			}
		},
		{
			"name": "FrameHold_a3",
			"from": [14.1, 7.22587, 5.9],
			"to": [14.2, 8.77413, 7.1],
			"rotation": {"angle": -22.5, "axis": "z", "origin": [8, 8, 6.4]},
			"faces": {
				"north": {"uv": [9.032, 0.032, 15.968, 6.968], "texture": "#9"},
				"east": {"uv": [9.032, 0.032, 15.968, 6.968], "texture": "#9"},
				"west": {"uv": [9.032, 0.032, 15.968, 6.968], "texture": "#9"},
				"up": {"uv": [9.032, 0.032, 15.968, 6.968], "texture": "#9"},
				"down": {"uv": [9.032, 0.032, 15.968, 6.968], "texture": "#9"}
			}
		},
		{
			"name": "FrameHold_a3",
			"from": [7.22587, 13.4, 5.925],
			"to": [8.77413, 14.125, 6],
			"rotation": {"angle": -45, "axis": "z", "origin": [8, 8, 6.4]},
			"faces": {
				"north": {"uv": [0.032, 9.032, 6.968, 15.968], "texture": "#9"},
				"east": {"uv": [0.032, 9.032, 6.968, 15.968], "texture": "#9"},
				"south": {"uv": [0.032, 9.032, 6.968, 15.968], "texture": "#9"},
				"west": {"uv": [0.032, 9.032, 6.968, 15.968], "texture": "#9"}
			}
		},
		{
			"name": "FrameHold_a3",
			"from": [13.4, 7.22587, 5.925],
			"to": [14.125, 8.77413, 6],
			"rotation": {"angle": -45, "axis": "z", "origin": [8, 8, 6.4]},
			"faces": {
				"north": {"uv": [0.032, 9.032, 6.968, 15.968], "texture": "#9"},
				"south": {"uv": [0.032, 9.032, 6.968, 15.968], "texture": "#9"},
				"up": {"uv": [0.032, 9.032, 6.968, 15.968], "texture": "#9"},
				"down": {"uv": [0.032, 9.032, 6.968, 15.968], "texture": "#9"}
			}
		},
		{
			"name": "FrameHold_a3",
			"from": [7.22587, 1.875, 5.925],
			"to": [8.77413, 2.6, 6],
			"rotation": {"angle": -45, "axis": "z", "origin": [8, 8, 6.4]},
			"faces": {
				"north": {"uv": [0.032, 9.032, 6.968, 15.968], "texture": "#9"},
				"east": {"uv": [0.032, 9.032, 6.968, 15.968], "texture": "#9"},
				"south": {"uv": [0.032, 9.032, 6.968, 15.968], "texture": "#9"},
				"west": {"uv": [0.032, 9.032, 6.968, 15.968], "texture": "#9"}
			}
		},
		{
			"name": "FrameHold_a3",
			"from": [1.85, 7.22587, 5.925],
			"to": [2.6, 8.62587, 6],
			"rotation": {"angle": -45, "axis": "z", "origin": [8, 8, 6.4]},
			"faces": {
				"north": {"uv": [0.032, 9.032, 6.968, 15.968], "texture": "#9"},
				"south": {"uv": [0.032, 9.032, 6.968, 15.968], "texture": "#9"},
				"up": {"uv": [0.032, 9.032, 6.968, 15.968], "texture": "#9"},
				"down": {"uv": [0.032, 9.032, 6.968, 15.968], "texture": "#9"}
			}
		},
		{
			"name": "FrameHold_a4",
			"from": [7.22587, 14.1, 5.9],
			"to": [8.77413, 14.2, 7.1],
			"rotation": {"angle": -45, "axis": "z", "origin": [8, 8, 6.4]},
			"faces": {
				"north": {"uv": [0.032, 9.032, 6.968, 15.968], "texture": "#9"},
				"east": {"uv": [0.032, 9.032, 6.968, 15.968], "texture": "#9"},
				"west": {"uv": [0.032, 9.032, 6.968, 15.968], "texture": "#9"},
				"up": {"uv": [0.032, 9.032, 6.968, 15.968], "texture": "#9"},
				"down": {"uv": [0.032, 9.032, 6.968, 15.968], "texture": "#9"}
			}
		},
		{
			"name": "FrameHold_a4",
			"from": [1.8, 7.22587, 5.9],
			"to": [1.9, 8.62587, 7.1],
			"rotation": {"angle": -45, "axis": "z", "origin": [8, 8, 6.4]},
			"faces": {
				"north": {"uv": [0.032, 9.032, 6.968, 15.968], "texture": "#9"},
				"east": {"uv": [0.032, 9.032, 6.968, 15.968], "texture": "#9"},
				"south": {"uv": [0.032, 9.032, 6.968, 15.968], "texture": "#9"},
				"west": {"uv": [0.032, 9.032, 6.968, 15.968], "texture": "#9"},
				"up": {"uv": [0.032, 9.032, 6.968, 15.968], "texture": "#9"},
				"down": {"uv": [0.032, 9.032, 6.968, 15.968], "texture": "#9"}
			}
		},
		{
			"name": "FrameHold_a4",
			"from": [7.22587, 1.8, 5.9],
			"to": [8.77413, 1.9, 7.1],
			"rotation": {"angle": -45, "axis": "z", "origin": [8, 8, 6.4]},
			"faces": {
				"north": {"uv": [0.032, 9.032, 6.968, 15.968], "texture": "#9"},
				"east": {"uv": [0.032, 9.032, 6.968, 15.968], "texture": "#9"},
				"west": {"uv": [0.032, 9.032, 6.968, 15.968], "texture": "#9"},
				"up": {"uv": [0.032, 9.032, 6.968, 15.968], "texture": "#9"},
				"down": {"uv": [0.032, 9.032, 6.968, 15.968], "texture": "#9"}
			}
		},
		{
			"name": "FrameHold_a4",
			"from": [14.1, 7.22587, 5.9],
			"to": [14.2, 8.77413, 7.1],
			"rotation": {"angle": -45, "axis": "z", "origin": [8, 8, 6.4]},
			"faces": {
				"north": {"uv": [0.032, 9.032, 6.968, 15.968], "texture": "#9"},
				"east": {"uv": [0.032, 9.032, 6.968, 15.968], "texture": "#9"},
				"south": {"uv": [0.032, 9.032, 6.968, 15.968], "texture": "#9"},
				"west": {"uv": [0.032, 9.032, 6.968, 15.968], "texture": "#9"},
				"up": {"uv": [0.032, 9.032, 6.968, 15.968], "texture": "#9"},
				"down": {"uv": [0.032, 9.032, 6.968, 15.968], "texture": "#9"}
			}
		},
		{
			"name": "FrameHold_a4",
			"from": [13.4, 7.22587, 5.925],
			"to": [14.125, 8.77413, 6],
			"rotation": {"angle": 22.5, "axis": "z", "origin": [8, 8, 6.4]},
			"faces": {
				"north": {"uv": [9.032, 9.032, 15.968, 15.968], "rotation": 270, "texture": "#9"},
				"south": {"uv": [9.032, 9.032, 15.968, 15.968], "rotation": 90, "texture": "#9"},
				"up": {"uv": [9.032, 9.032, 15.968, 15.968], "rotation": 90, "texture": "#9"},
				"down": {"uv": [9.032, 9.032, 15.968, 15.968], "rotation": 90, "texture": "#9"}
			}
		},
		{
			"name": "FrameHold_a4",
			"from": [7.22587, 1.875, 5.925],
			"to": [8.77413, 2.6, 6],
			"rotation": {"angle": 22.5, "axis": "z", "origin": [8, 8, 6.4]},
			"faces": {
				"north": {"uv": [9.032, 9.032, 15.968, 15.968], "rotation": 270, "texture": "#9"},
				"east": {"uv": [9.032, 9.032, 15.968, 15.968], "rotation": 90, "texture": "#9"},
				"south": {"uv": [9.032, 9.032, 15.968, 15.968], "rotation": 90, "texture": "#9"},
				"west": {"uv": [9.032, 9.032, 15.968, 15.968], "rotation": 90, "texture": "#9"}
			}
		},
		{
			"name": "FrameHold_a4",
			"from": [1.875, 7.22587, 5.925],
			"to": [2.6, 8.77413, 6],
			"rotation": {"angle": 22.5, "axis": "z", "origin": [8, 8, 6.4]},
			"faces": {
				"north": {"uv": [9.032, 9.032, 15.968, 15.968], "rotation": 270, "texture": "#9"},
				"south": {"uv": [9.032, 9.032, 15.968, 15.968], "rotation": 90, "texture": "#9"},
				"up": {"uv": [9.032, 9.032, 15.968, 15.968], "rotation": 90, "texture": "#9"},
				"down": {"uv": [9.032, 9.032, 15.968, 15.968], "rotation": 90, "texture": "#9"}
			}
		},
		{
			"name": "FrameHold_a4",
			"from": [7.22587, 13.4, 5.925],
			"to": [8.62587, 14.15, 6],
			"rotation": {"angle": 22.5, "axis": "z", "origin": [8, 8, 6.4]},
			"faces": {
				"north": {"uv": [9.032, 9.032, 15.968, 15.968], "rotation": 270, "texture": "#9"},
				"east": {"uv": [9.032, 9.032, 15.968, 15.968], "rotation": 90, "texture": "#9"},
				"south": {"uv": [9.032, 9.032, 15.968, 15.968], "rotation": 90, "texture": "#9"},
				"west": {"uv": [9.032, 9.032, 15.968, 15.968], "rotation": 90, "texture": "#9"}
			}
		},
		{
			"name": "FrameHold_a5",
			"from": [14.1, 7.22587, 5.9],
			"to": [14.2, 8.77413, 7.1],
			"rotation": {"angle": 22.5, "axis": "z", "origin": [8, 8, 6.4]},
			"faces": {
				"north": {"uv": [9.032, 9.032, 15.968, 15.968], "rotation": 270, "texture": "#9"},
				"east": {"uv": [9.032, 9.032, 15.968, 15.968], "rotation": 90, "texture": "#9"},
				"west": {"uv": [9.032, 9.032, 15.968, 15.968], "rotation": 90, "texture": "#9"},
				"up": {"uv": [9.032, 9.032, 15.968, 15.968], "rotation": 90, "texture": "#9"},
				"down": {"uv": [9.032, 9.032, 15.968, 15.968], "rotation": 90, "texture": "#9"}
			}
		},
		{
			"name": "FrameHold_a5",
			"from": [7.22587, 14.1, 5.9],
			"to": [8.62587, 14.2, 7.1],
			"rotation": {"angle": 22.5, "axis": "z", "origin": [8, 8, 6.4]},
			"faces": {
				"north": {"uv": [9.032, 9.032, 15.968, 15.968], "rotation": 270, "texture": "#9"},
				"east": {"uv": [9.032, 9.032, 15.968, 15.968], "rotation": 90, "texture": "#9"},
				"west": {"uv": [9.032, 9.032, 15.968, 15.968], "rotation": 90, "texture": "#9"},
				"up": {"uv": [9.032, 9.032, 15.968, 15.968], "rotation": 90, "texture": "#9"},
				"down": {"uv": [9.032, 9.032, 15.968, 15.968], "rotation": 90, "texture": "#9"}
			}
		},
		{
			"name": "FrameHold_a5",
			"from": [1.8, 7.22587, 5.9],
			"to": [1.9, 8.77413, 7.1],
			"rotation": {"angle": 22.5, "axis": "z", "origin": [8, 8, 6.4]},
			"faces": {
				"north": {"uv": [9.032, 9.032, 15.968, 15.968], "rotation": 270, "texture": "#9"},
				"east": {"uv": [9.032, 9.032, 15.968, 15.968], "rotation": 90, "texture": "#9"},
				"west": {"uv": [9.032, 9.032, 15.968, 15.968], "rotation": 90, "texture": "#9"},
				"up": {"uv": [9.032, 9.032, 15.968, 15.968], "rotation": 90, "texture": "#9"},
				"down": {"uv": [9.032, 9.032, 15.968, 15.968], "rotation": 90, "texture": "#9"}
			}
		},
		{
			"name": "FrameHold_a5",
			"from": [7.22587, 1.8, 5.9],
			"to": [8.77413, 1.9, 7.1],
			"rotation": {"angle": 22.5, "axis": "z", "origin": [8, 8, 6.4]},
			"faces": {
				"north": {"uv": [9.032, 9.032, 15.968, 15.968], "rotation": 270, "texture": "#9"},
				"east": {"uv": [9.032, 9.032, 15.968, 15.968], "rotation": 90, "texture": "#9"},
				"west": {"uv": [9.032, 9.032, 15.968, 15.968], "rotation": 90, "texture": "#9"},
				"up": {"uv": [9.032, 9.032, 15.968, 15.968], "rotation": 90, "texture": "#9"},
				"down": {"uv": [9.032, 9.032, 15.968, 15.968], "rotation": 90, "texture": "#9"}
			}
		}
	],
	"display": {
		"thirdperson_righthand": {
			"rotation": [75, 45, 0],
			"translation": [0, 2.5, 0],
			"scale": [0.375, 0.375, 0.375]
		},
		"thirdperson_lefthand": {
			"rotation": [75, 45, 0],
			"translation": [0, 2.5, 0],
			"scale": [0.375, 0.375, 0.375]
		},
		"firstperson_righthand": {
			"rotation": [0, 45, 0],
			"scale": [0.4, 0.4, 0.4]
		},
		"firstperson_lefthand": {
			"rotation": [0, 225, 0],
			"scale": [0.4, 0.4, 0.4]
		},
		"ground": {
			"translation": [0, 3, 0],
			"scale": [0.25, 0.25, 0.25]
		},
		"gui": {
			"rotation": [0, -180, 0],
			"scale": [0.84, 0.84, 0.84]
		},
		"head": {
			"translation": [0, 0, -7.75],
			"scale": [1.5, 1.5, 1.5]
		},
		"fixed": {
			"translation": [-0.1, 0.1, 0],
			"scale": [1.95, 1.95, 1.97]
		}
	},
	"groups": [
		{
			"name": "OuterRingMetal1",
			"origin": [8, 8, 8],
			"color": 0,
			"children": [0, 1, 2, 3, 4, 5, 6, 7, 8, 9, 10, 11, 12, 13, 14, 15]
		},
		{
			"name": "OuterRingCeramic",
			"origin": [8, 8, 8],
			"color": 0,
			"children": [16, 17, 18, 19, 20, 21, 22, 23, 24, 25, 26, 27, 28, 29, 30, 31, 32, 33, 34, 35, 36, 37, 38, 39, 40, 41, 42, 43, 44, 45, 46, 47, 48, 49, 50, 51, 52, 53, 54, 55, 56, 57, 58, 59, 60, 61, 62, 63, 64, 65, 66, 67, 68, 69, 70, 71, 72, 73, 74, 75, 76, 77, 78, 79, 80, 81, 82, 83, 84, 85, 86, 87, 88, 89, 90, 91, 92, 93, 94, 95]
		},
		96,
		97,
		98,
		99,
		{
			"name": "InnerRingMetal",
			"origin": [8, 8, 8],
			"color": 0,
			"children": [100, 101, 102, 103, 104, 105, 106, 107, 108, 109, 110, 111, 112, 113, 114, 115]
		},
		{
			"name": "InnerRingCeramic",
			"origin": [8, 8, 8],
			"color": 0,
			"children": [116, 117, 118, 119, 120, 121, 122, 123, 124, 125, 126, 127, 128, 129, 130, 131]
		},
		{
			"name": "InsideRingMetal",
			"origin": [8, 8, 8],
			"color": 0,
			"children": [132, 133, 134, 135, 136, 137, 138, 139, 140, 141, 142, 143, 144, 145, 146, 147]
		},
		{
			"name": "Frame",
			"origin": [8, 8, 8],
			"color": 0,
			"children": [148, 149, 150, 151, 152, 153, 154, 155, 156, 157, 158, 159, 160, 161, 162, 163]
		},
		{
			"name": "group",
			"origin": [8, 8, 8],
			"color": 0,
			"children": [164, 165, 166, 167]
		},
		{
			"name": "Frame2",
			"origin": [8, 8, 8],
			"color": 0,
			"children": [168, 169, 170, 171, 172, 173, 174, 175]
		},
		{
			"name": "FrameHolders",
			"origin": [8, 8, 8],
			"color": 0,
			"children": [176, 177, 178, 179, 180, 181, 182, 183]
		},
		{
			"name": "FrameHolders",
			"origin": [8, 8, 8],
			"color": 0,
			"children": [184, 185, 186, 187, 188, 189, 190, 191]
		},
		{
			"name": "FrameHolders",
			"origin": [8, 8, 8],
			"color": 0,
			"children": [192, 193, 194, 195, 196, 197, 198, 199]
		},
		{
			"name": "FrameHolders",
			"origin": [8, 8, 8],
			"color": 0,
			"children": [200, 201, 202, 203, 204, 205, 206, 207]
		}
	]
}