{
	"credit": "Made with Blockbench",
	"textures": {
		"3": "portal_gun:laser/glass_2",
		"4": "portal_gun:glow_generic",
		"5": "portal_gun:ceramic",
		"6": "portal_gun:metal",
		"8": "portal_gun:metal_light",
		"9": "portal_gun:laser/laser",
		"particle": "portal_gun:glow_generic"
	},
	"elements": [
		{
			"name": "Glass",
			"from": [0.5, 0.5, 7.4],
			"to": [15.5, 15.5, 9.1],
			"faces": {
				"north": {"uv": [0.032, 0.032, 13.968, 13.968], "texture": "#3"}
			}
		},
		{
			"name": "FrameOuter",
			"from": [-0.1, 0.6, 7],
			"to": [0.7, 15.3, 9],
			"faces": {
				"north": {"uv": [0.032, 0.032, 15.968, 0.968], "rotation": 90, "texture": "#6"},
				"east": {"uv": [0.032, 0.032, 15.968, 0.968], "rotation": 270, "texture": "#6"},
				"west": {"uv": [0.032, 0.032, 15.968, 0.968], "rotation": 270, "texture": "#6"}
			}
		},
		{
			"name": "FrameOuter",
			"from": [15.4, 0.6, 7],
			"to": [16.2, 15.3, 9],
			"faces": {
				"north": {"uv": [0.032, 0.032, 15.968, 0.968], "rotation": 90, "texture": "#6"},
				"east": {"uv": [0.032, 0.032, 15.968, 0.968], "rotation": 270, "texture": "#6"},
				"west": {"uv": [0.032, 0.032, 15.968, 0.968], "rotation": 270, "texture": "#6"}
			}
		},
		{
			"name": "FrameOuter",
			"from": [-0.1, 15.3, 7],
			"to": [16.2, 16.1, 9],
			"faces": {
				"north": {"uv": [0.032, 0.032, 15.968, 0.968], "texture": "#6"},
				"east": {"uv": [0.032, 0.032, 15.968, 0.968], "texture": "#6"},
				"west": {"uv": [0.032, 0.032, 15.968, 0.968], "texture": "#6"},
				"up": {"uv": [0.032, 0.032, 15.968, 0.968], "texture": "#6"},
				"down": {"uv": [0.032, 0.032, 15.968, 0.968], "texture": "#6"}
			}
		},
		{
			"name": "FrameOuter",
			"from": [-0.1, -0.2, 7],
			"to": [16.2, 0.6, 9],
			"faces": {
				"north": {"uv": [0.032, 0.032, 15.968, 0.968], "texture": "#6"},
				"east": {"uv": [0.032, 0.032, 15.968, 0.968], "texture": "#6"},
				"west": {"uv": [0.032, 0.032, 15.968, 0.968], "texture": "#6"},
				"up": {"uv": [0.032, 0.032, 15.968, 0.968], "texture": "#6"},
				"down": {"uv": [0.032, 0.032, 15.968, 0.968], "texture": "#6"}
			}
		},
		{
			"name": "FrameOuter",
			"from": [0.6, 7.8, 7.1],
			"to": [15.5, 8.2, 9],
			"faces": {
				"north": {"uv": [0.032, 0.032, 15.968, 0.968], "texture": "#6"},
				"up": {"uv": [0.032, 0.032, 15.968, 0.968], "texture": "#6"},
				"down": {"uv": [0.032, 0.032, 15.968, 0.968], "texture": "#6"}
			}
		},
		{
			"name": "FrameOuter",
			"from": [7.8, 0.4, 7.1],
			"to": [8.2, 15.5, 9],
			"faces": {
				"north": {"uv": [0.032, 0.032, 15.968, 0.968], "rotation": 90, "texture": "#6"},
				"east": {"uv": [0.032, 0.032, 15.968, 0.968], "rotation": 270, "texture": "#6"},
				"west": {"uv": [0.032, 0.032, 15.968, 0.968], "rotation": 270, "texture": "#6"}
			}
		},
		{
			"from": [5.5, 5.5, 7.3],
			"to": [10.5, 10.5, 7.3],
			"faces": {
				"north": {"uv": [2.032, 0.032, 2.968, 0.968], "texture": "#4"},
				"south": {"uv": [2.032, 0.032, 2.968, 0.968], "texture": "#4"}
			}
		},
		{
			"from": [7.15, 7.15, 3.81],
			"to": [8.85, 8.85, 3.81],
			"rotation": {"angle": 45, "axis": "z", "origin": [8, 8, 3.8]},
			"faces": {
				"north": {"uv": [6.032, 6.032, 10.25, 10.25], "texture": "#9"},
				"south": {"uv": [6.032, 6.032, 10.25, 10.25], "texture": "#9"}
			}
		},
		{
			"name": "hexadecagon",
			"from": [7.20435, 4, 7.1],
			"to": [8.79565, 5.5, 9],
			"rotation": {"angle": -45, "axis": "z", "origin": [8, 8, 7]},
			"faces": {
				"north": {"uv": [0.032, 0.032, 1.968, 1.968], "texture": "#6"},
				"down": {"uv": [0.032, 0.032, 1.968, 1.968], "texture": "#6"}
			}
		},
		{
			"name": "hexadecagon",
			"from": [7.20435, 4, 7.1],
			"to": [8.79565, 5.5, 9],
			"rotation": {"angle": -22.5, "axis": "z", "origin": [8, 8, 7]},
			"faces": {
				"north": {"uv": [0.032, 0.032, 1.968, 1.968], "texture": "#6"},
				"down": {"uv": [0.032, 0.032, 1.968, 1.968], "texture": "#6"}
			}
		},
		{
			"name": "hexadecagon",
			"from": [7.20435, 4, 7.1],
			"to": [8.79565, 5.5, 9],
			"rotation": {"angle": 0, "axis": "y", "origin": [8, 8, 7]},
			"faces": {
				"north": {"uv": [0.032, 0.032, 1.968, 1.968], "texture": "#6"},
				"down": {"uv": [0.032, 0.032, 1.968, 1.968], "texture": "#6"}
			}
		},
		{
			"name": "hexadecagon",
			"from": [7.20435, 4, 7.1],
			"to": [8.79565, 5.5, 9],
			"rotation": {"angle": 22.5, "axis": "z", "origin": [8, 8, 7]},
			"faces": {
				"north": {"uv": [0.032, 0.032, 1.968, 1.968], "texture": "#6"},
				"down": {"uv": [0.032, 0.032, 1.968, 1.968], "texture": "#6"}
			}
		},
		{
			"name": "hexadecagon",
			"from": [7.20435, 4, 7.1],
			"to": [8.79565, 5.5, 9],
			"rotation": {"angle": 45, "axis": "z", "origin": [8, 8, 7]},
			"faces": {
				"north": {"uv": [0.032, 0.032, 1.968, 1.968], "texture": "#6"},
				"down": {"uv": [0.032, 0.032, 1.968, 1.968], "texture": "#6"}
			}
		},
		{
			"name": "hexadecagon",
			"from": [7.20435, 10.5, 7.1],
			"to": [8.79565, 12, 9],
			"rotation": {"angle": -45, "axis": "z", "origin": [8, 8, 7]},
			"faces": {
				"north": {"uv": [0.032, 0.032, 1.968, 1.968], "texture": "#6"},
				"up": {"uv": [0.032, 0.032, 1.968, 1.968], "texture": "#6"}
			}
		},
		{
			"name": "hexadecagon",
			"from": [7.20435, 10.5, 7.1],
			"to": [8.79565, 12, 9],
			"rotation": {"angle": -22.5, "axis": "z", "origin": [8, 8, 7]},
			"faces": {
				"north": {"uv": [0.032, 0.032, 1.968, 1.968], "texture": "#6"},
				"up": {"uv": [0.032, 0.032, 1.968, 1.968], "texture": "#6"}
			}
		},
		{
			"name": "hexadecagon",
			"from": [7.20435, 10.5, 7.1],
			"to": [8.79565, 12, 9],
			"rotation": {"angle": 0, "axis": "y", "origin": [8, 8, 7]},
			"faces": {
				"north": {"uv": [0.032, 0.032, 1.968, 1.968], "texture": "#6"},
				"up": {"uv": [0.032, 0.032, 1.968, 1.968], "texture": "#6"}
			}
		},
		{
			"name": "hexadecagon",
			"from": [7.20435, 10.5, 7.1],
			"to": [8.79565, 12, 9],
			"rotation": {"angle": 22.5, "axis": "z", "origin": [8, 8, 7]},
			"faces": {
				"north": {"uv": [0.032, 0.032, 1.968, 1.968], "texture": "#6"},
				"up": {"uv": [0.032, 0.032, 1.968, 1.968], "texture": "#6"}
			}
		},
		{
			"name": "hexadecagon",
			"from": [7.20435, 10.5, 7.1],
			"to": [8.79565, 12, 9],
			"rotation": {"angle": 45, "axis": "z", "origin": [8, 8, 7]},
			"faces": {
				"north": {"uv": [0.032, 0.032, 1.968, 1.968], "texture": "#6"},
				"up": {"uv": [0.032, 0.032, 1.968, 1.968], "texture": "#6"}
			}
		},
		{
			"name": "hexadecagon",
			"from": [4, 7.20435, 7.1],
			"to": [5.5, 8.79565, 9],
			"rotation": {"angle": -22.5, "axis": "z", "origin": [8, 8, 7]},
			"faces": {
				"north": {"uv": [0.032, 0.032, 1.968, 1.968], "texture": "#6"},
				"west": {"uv": [0.032, 0.032, 1.968, 1.968], "texture": "#6"}
			}
		},
		{
			"name": "hexadecagon",
			"from": [4, 7.20435, 7.1],
			"to": [5.5, 8.79565, 9],
			"rotation": {"angle": 0, "axis": "y", "origin": [8, 8, 7]},
			"faces": {
				"north": {"uv": [0.032, 0.032, 1.968, 1.968], "texture": "#6"},
				"west": {"uv": [0.032, 0.032, 1.968, 1.968], "texture": "#6"}
			}
		},
		{
			"name": "hexadecagon",
			"from": [4, 7.20435, 7.1],
			"to": [5.5, 8.79565, 9],
			"rotation": {"angle": 22.5, "axis": "z", "origin": [8, 8, 7]},
			"faces": {
				"north": {"uv": [0.032, 0.032, 1.968, 1.968], "texture": "#6"},
				"west": {"uv": [0.032, 0.032, 1.968, 1.968], "texture": "#6"}
			}
		},
		{
			"name": "hexadecagon",
			"from": [10.5, 7.20435, 7.1],
			"to": [12, 8.79565, 9],
			"rotation": {"angle": -22.5, "axis": "z", "origin": [8, 8, 7]},
			"faces": {
				"north": {"uv": [0.032, 0.032, 1.968, 1.968], "texture": "#6"},
				"east": {"uv": [0.032, 0.032, 1.968, 1.968], "texture": "#6"}
			}
		},
		{
			"name": "hexadecagon",
			"from": [10.5, 7.20435, 7.1],
			"to": [12, 8.79565, 9],
			"rotation": {"angle": 0, "axis": "y", "origin": [8, 8, 7]},
			"faces": {
				"north": {"uv": [0.032, 0.032, 1.968, 1.968], "texture": "#6"},
				"east": {"uv": [0.032, 0.032, 1.968, 1.968], "texture": "#6"}
			}
		},
		{
			"name": "hexadecagon",
			"from": [10.5, 7.20435, 7.1],
			"to": [12, 8.79565, 9],
			"rotation": {"angle": 22.5, "axis": "z", "origin": [8, 8, 7]},
			"faces": {
				"north": {"uv": [0.032, 0.032, 1.968, 1.968], "texture": "#6"},
				"east": {"uv": [0.032, 0.032, 1.968, 1.968], "texture": "#6"}
			}
		},
		{
			"name": "hexadecagon",
			"from": [7.24413, 4.2, 7],
			"to": [8.75587, 4.7, 8],
			"rotation": {"angle": -45, "axis": "z", "origin": [8, 8, 7.5]},
			"faces": {
				"north": {"uv": [0.032, 0.032, 0.968, 0.968], "texture": "#5"},
				"down": {"uv": [0.032, 0.032, 0.968, 0.968], "texture": "#5"}
			}
		},
		{
			"name": "hexadecagon",
			"from": [7.24413, 4.2, 7],
			"to": [8.75587, 4.7, 8],
			"rotation": {"angle": -22.5, "axis": "z", "origin": [8, 8, 7.5]},
			"faces": {
				"north": {"uv": [0.032, 0.032, 0.968, 0.968], "texture": "#5"},
				"down": {"uv": [0.032, 0.032, 0.968, 0.968], "texture": "#5"}
			}
		},
		{
			"name": "hexadecagon",
			"from": [7.24413, 4.2, 7],
			"to": [8.75587, 4.7, 8],
			"rotation": {"angle": 0, "axis": "y", "origin": [8, 8, 7.5]},
			"faces": {
				"north": {"uv": [0.032, 0.032, 0.968, 0.968], "texture": "#5"},
				"down": {"uv": [0.032, 0.032, 0.968, 0.968], "texture": "#5"}
			}
		},
		{
			"name": "hexadecagon",
			"from": [7.24413, 4.2, 7],
			"to": [8.75587, 4.7, 8],
			"rotation": {"angle": 22.5, "axis": "z", "origin": [8, 8, 7.5]},
			"faces": {
				"north": {"uv": [0.032, 0.032, 0.968, 0.968], "texture": "#5"},
				"down": {"uv": [0.032, 0.032, 0.968, 0.968], "texture": "#5"}
			}
		},
		{
			"name": "hexadecagon",
			"from": [7.24413, 4.2, 7],
			"to": [8.75587, 4.7, 8],
			"rotation": {"angle": 45, "axis": "z", "origin": [8, 8, 7.5]},
			"faces": {
				"north": {"uv": [0.032, 0.032, 0.968, 0.968], "texture": "#5"},
				"down": {"uv": [0.032, 0.032, 0.968, 0.968], "texture": "#5"}
			}
		},
		{
			"name": "hexadecagon",
			"from": [7.24413, 11.3, 7],
			"to": [8.75587, 11.8, 8],
			"rotation": {"angle": -45, "axis": "z", "origin": [8, 8, 7.5]},
			"faces": {
				"north": {"uv": [0.032, 0.032, 0.968, 0.968], "texture": "#5"},
				"up": {"uv": [0.032, 0.032, 0.968, 0.968], "texture": "#5"}
			}
		},
		{
			"name": "hexadecagon",
			"from": [7.24413, 11.3, 7],
			"to": [8.75587, 11.8, 8],
			"rotation": {"angle": -22.5, "axis": "z", "origin": [8, 8, 7.5]},
			"faces": {
				"north": {"uv": [0.032, 0.032, 0.968, 0.968], "texture": "#5"},
				"up": {"uv": [0.032, 0.032, 0.968, 0.968], "texture": "#5"}
			}
		},
		{
			"name": "hexadecagon",
			"from": [7.24413, 11.3, 7],
			"to": [8.75587, 11.8, 8],
			"rotation": {"angle": 0, "axis": "y", "origin": [8, 8, 7.5]},
			"faces": {
				"north": {"uv": [0.032, 0.032, 0.968, 0.968], "texture": "#5"},
				"up": {"uv": [0.032, 0.032, 0.968, 0.968], "texture": "#5"}
			}
		},
		{
			"name": "hexadecagon",
			"from": [7.24413, 11.3, 7],
			"to": [8.75587, 11.8, 8],
			"rotation": {"angle": 22.5, "axis": "z", "origin": [8, 8, 7.5]},
			"faces": {
				"north": {"uv": [0.032, 0.032, 0.968, 0.968], "texture": "#5"},
				"up": {"uv": [0.032, 0.032, 0.968, 0.968], "texture": "#5"}
			}
		},
		{
			"name": "hexadecagon",
			"from": [7.24413, 11.3, 7],
			"to": [8.75587, 11.8, 8],
			"rotation": {"angle": 45, "axis": "z", "origin": [8, 8, 7.5]},
			"faces": {
				"north": {"uv": [0.032, 0.032, 0.968, 0.968], "texture": "#5"},
				"up": {"uv": [0.032, 0.032, 0.968, 0.968], "texture": "#5"}
			}
		},
		{
			"name": "hexadecagon",
			"from": [4.2, 7.24413, 7],
			"to": [4.7, 8.75587, 8],
			"rotation": {"angle": -22.5, "axis": "z", "origin": [8, 8, 7.5]},
			"faces": {
				"north": {"uv": [0.032, 0.032, 0.968, 0.968], "texture": "#5"},
				"west": {"uv": [0.032, 0.032, 0.968, 0.968], "texture": "#5"}
			}
		},
		{
			"name": "hexadecagon",
			"from": [4.2, 7.24413, 7],
			"to": [4.7, 8.75587, 8],
			"rotation": {"angle": 0, "axis": "y", "origin": [8, 8, 7.5]},
			"faces": {
				"north": {"uv": [0.032, 0.032, 0.968, 0.968], "texture": "#5"},
				"west": {"uv": [0.032, 0.032, 0.968, 0.968], "texture": "#5"}
			}
		},
		{
			"name": "hexadecagon",
			"from": [4.2, 7.24413, 7],
			"to": [4.7, 8.75587, 8],
			"rotation": {"angle": 22.5, "axis": "z", "origin": [8, 8, 7.5]},
			"faces": {
				"north": {"uv": [0.032, 0.032, 0.968, 0.968], "texture": "#5"},
				"west": {"uv": [0.032, 0.032, 0.968, 0.968], "texture": "#5"}
			}
		},
		{
			"name": "hexadecagon",
			"from": [11.3, 7.24413, 7],
			"to": [11.8, 8.75587, 8],
			"rotation": {"angle": -22.5, "axis": "z", "origin": [8, 8, 7.5]},
			"faces": {
				"north": {"uv": [0.032, 0.032, 0.968, 0.968], "texture": "#5"},
				"east": {"uv": [0.032, 0.032, 0.968, 0.968], "texture": "#5"}
			}
		},
		{
			"name": "hexadecagon",
			"from": [11.3, 7.24413, 7],
			"to": [11.8, 8.75587, 8],
			"rotation": {"angle": 0, "axis": "y", "origin": [8, 8, 7.5]},
			"faces": {
				"north": {"uv": [0.032, 0.032, 0.968, 0.968], "texture": "#5"},
				"east": {"uv": [0.032, 0.032, 0.968, 0.968], "texture": "#5"}
			}
		},
		{
			"name": "hexadecagon",
			"from": [11.3, 7.24413, 7],
			"to": [11.8, 8.75587, 8],
			"rotation": {"angle": 22.5, "axis": "z", "origin": [8, 8, 7.5]},
			"faces": {
				"north": {"uv": [0.032, 0.032, 0.968, 0.968], "texture": "#5"},
				"east": {"uv": [0.032, 0.032, 0.968, 0.968], "texture": "#5"}
			}
		},
		{
			"name": "hexadecagon",
			"from": [7.26402, 4.3, 6.9],
			"to": [8.73598, 4.8, 7.9],
			"rotation": {"angle": -45, "axis": "z", "origin": [8, 8, 7.4]},
			"faces": {
				"north": {"uv": [0.032, 0.032, 0.968, 0.968], "texture": "#5"},
				"down": {"uv": [0.032, 0.032, 0.968, 0.968], "texture": "#5"}
			}
		},
		{
			"name": "hexadecagon",
			"from": [7.26402, 4.3, 6.9],
			"to": [8.73598, 4.8, 7.9],
			"rotation": {"angle": -22.5, "axis": "z", "origin": [8, 8, 7.4]},
			"faces": {
				"north": {"uv": [0.032, 0.032, 0.968, 0.968], "texture": "#5"},
				"down": {"uv": [0.032, 0.032, 0.968, 0.968], "texture": "#5"}
			}
		},
		{
			"name": "hexadecagon",
			"from": [7.26402, 4.3, 6.9],
			"to": [8.73598, 4.8, 7.9],
			"rotation": {"angle": 0, "axis": "y", "origin": [8, 8, 7.4]},
			"faces": {
				"north": {"uv": [0.032, 0.032, 0.968, 0.968], "texture": "#5"},
				"down": {"uv": [0.032, 0.032, 0.968, 0.968], "texture": "#5"}
			}
		},
		{
			"name": "hexadecagon",
			"from": [7.26402, 4.3, 6.9],
			"to": [8.73598, 4.8, 7.9],
			"rotation": {"angle": 22.5, "axis": "z", "origin": [8, 8, 7.4]},
			"faces": {
				"north": {"uv": [0.032, 0.032, 0.968, 0.968], "texture": "#5"},
				"down": {"uv": [0.032, 0.032, 0.968, 0.968], "texture": "#5"}
			}
		},
		{
			"name": "hexadecagon",
			"from": [7.26402, 4.3, 6.9],
			"to": [8.73598, 4.8, 7.9],
			"rotation": {"angle": 45, "axis": "z", "origin": [8, 8, 7.4]},
			"faces": {
				"north": {"uv": [0.032, 0.032, 0.968, 0.968], "texture": "#5"},
				"down": {"uv": [0.032, 0.032, 0.968, 0.968], "texture": "#5"}
			}
		},
		{
			"name": "hexadecagon",
			"from": [7.26402, 11.2, 6.9],
			"to": [8.73598, 11.7, 7.9],
			"rotation": {"angle": -45, "axis": "z", "origin": [8, 8, 7.4]},
			"faces": {
				"north": {"uv": [0.032, 0.032, 0.968, 0.968], "texture": "#5"},
				"up": {"uv": [0.032, 0.032, 0.968, 0.968], "texture": "#5"}
			}
		},
		{
			"name": "hexadecagon",
			"from": [7.26402, 11.2, 6.9],
			"to": [8.73598, 11.7, 7.9],
			"rotation": {"angle": -22.5, "axis": "z", "origin": [8, 8, 7.4]},
			"faces": {
				"north": {"uv": [0.032, 0.032, 0.968, 0.968], "texture": "#5"},
				"up": {"uv": [0.032, 0.032, 0.968, 0.968], "texture": "#5"}
			}
		},
		{
			"name": "hexadecagon",
			"from": [7.26402, 11.2, 6.9],
			"to": [8.73598, 11.7, 7.9],
			"rotation": {"angle": 0, "axis": "y", "origin": [8, 8, 7.4]},
			"faces": {
				"north": {"uv": [0.032, 0.032, 0.968, 0.968], "texture": "#5"},
				"up": {"uv": [0.032, 0.032, 0.968, 0.968], "texture": "#5"}
			}
		},
		{
			"name": "hexadecagon",
			"from": [7.26402, 11.2, 6.9],
			"to": [8.73598, 11.7, 7.9],
			"rotation": {"angle": 22.5, "axis": "z", "origin": [8, 8, 7.4]},
			"faces": {
				"north": {"uv": [0.032, 0.032, 0.968, 0.968], "texture": "#5"},
				"up": {"uv": [0.032, 0.032, 0.968, 0.968], "texture": "#5"}
			}
		},
		{
			"name": "hexadecagon",
			"from": [7.26402, 11.2, 6.9],
			"to": [8.73598, 11.7, 7.9],
			"rotation": {"angle": 45, "axis": "z", "origin": [8, 8, 7.4]},
			"faces": {
				"north": {"uv": [0.032, 0.032, 0.968, 0.968], "texture": "#5"},
				"up": {"uv": [0.032, 0.032, 0.968, 0.968], "texture": "#5"}
			}
		},
		{
			"name": "hexadecagon",
			"from": [4.3, 7.26402, 6.9],
			"to": [4.8, 8.73598, 7.9],
			"rotation": {"angle": -22.5, "axis": "z", "origin": [8, 8, 7.4]},
			"faces": {
				"north": {"uv": [0.032, 0.032, 0.968, 0.968], "texture": "#5"},
				"west": {"uv": [0.032, 0.032, 0.968, 0.968], "texture": "#5"}
			}
		},
		{
			"name": "hexadecagon",
			"from": [4.3, 7.26402, 6.9],
			"to": [4.8, 8.73598, 7.9],
			"rotation": {"angle": 0, "axis": "y", "origin": [8, 8, 7.4]},
			"faces": {
				"north": {"uv": [0.032, 0.032, 0.968, 0.968], "texture": "#5"},
				"west": {"uv": [0.032, 0.032, 0.968, 0.968], "texture": "#5"}
			}
		},
		{
			"name": "hexadecagon",
			"from": [4.3, 7.26402, 6.9],
			"to": [4.8, 8.73598, 7.9],
			"rotation": {"angle": 22.5, "axis": "z", "origin": [8, 8, 7.4]},
			"faces": {
				"north": {"uv": [0.032, 0.032, 0.968, 0.968], "texture": "#5"},
				"west": {"uv": [0.032, 0.032, 0.968, 0.968], "texture": "#5"}
			}
		},
		{
			"name": "hexadecagon",
			"from": [11.2, 7.26402, 6.9],
			"to": [11.7, 8.73598, 7.9],
			"rotation": {"angle": -22.5, "axis": "z", "origin": [8, 8, 7.4]},
			"faces": {
				"north": {"uv": [0.032, 0.032, 0.968, 0.968], "texture": "#5"},
				"east": {"uv": [0.032, 0.032, 0.968, 0.968], "texture": "#5"}
			}
		},
		{
			"name": "hexadecagon",
			"from": [11.2, 7.26402, 6.9],
			"to": [11.7, 8.73598, 7.9],
			"rotation": {"angle": 0, "axis": "y", "origin": [8, 8, 7.4]},
			"faces": {
				"north": {"uv": [0.032, 0.032, 0.968, 0.968], "texture": "#5"},
				"east": {"uv": [0.032, 0.032, 0.968, 0.968], "texture": "#5"}
			}
		},
		{
			"name": "hexadecagon",
			"from": [11.2, 7.26402, 6.9],
			"to": [11.7, 8.73598, 7.9],
			"rotation": {"angle": 22.5, "axis": "z", "origin": [8, 8, 7.4]},
			"faces": {
				"north": {"uv": [0.032, 0.032, 0.968, 0.968], "texture": "#5"},
				"east": {"uv": [0.032, 0.032, 0.968, 0.968], "texture": "#5"}
			}
		},
		{
			"name": "hexadecagon",
			"from": [7.28392, 4.4, 6.8],
			"to": [8.71608, 4.9, 7.8],
			"rotation": {"angle": -45, "axis": "z", "origin": [8, 8, 7.3]},
			"faces": {
				"north": {"uv": [0.032, 0.032, 0.968, 0.968], "texture": "#5"},
				"down": {"uv": [0.032, 0.032, 0.968, 0.968], "texture": "#5"}
			}
		},
		{
			"name": "hexadecagon",
			"from": [7.28392, 4.4, 6.8],
			"to": [8.71608, 4.9, 7.8],
			"rotation": {"angle": -22.5, "axis": "z", "origin": [8, 8, 7.3]},
			"faces": {
				"north": {"uv": [0.032, 0.032, 0.968, 0.968], "texture": "#5"},
				"down": {"uv": [0.032, 0.032, 0.968, 0.968], "texture": "#5"}
			}
		},
		{
			"name": "hexadecagon",
			"from": [7.28392, 4.4, 6.8],
			"to": [8.71608, 4.9, 7.8],
			"rotation": {"angle": 0, "axis": "y", "origin": [8, 8, 7.3]},
			"faces": {
				"north": {"uv": [0.032, 0.032, 0.968, 0.968], "texture": "#5"},
				"down": {"uv": [0.032, 0.032, 0.968, 0.968], "texture": "#5"}
			}
		},
		{
			"name": "hexadecagon",
			"from": [7.28392, 4.4, 6.8],
			"to": [8.71608, 4.9, 7.8],
			"rotation": {"angle": 22.5, "axis": "z", "origin": [8, 8, 7.3]},
			"faces": {
				"north": {"uv": [0.032, 0.032, 0.968, 0.968], "texture": "#5"},
				"down": {"uv": [0.032, 0.032, 0.968, 0.968], "texture": "#5"}
			}
		},
		{
			"name": "hexadecagon",
			"from": [7.28392, 4.4, 6.8],
			"to": [8.71608, 4.9, 7.8],
			"rotation": {"angle": 45, "axis": "z", "origin": [8, 8, 7.3]},
			"faces": {
				"north": {"uv": [0.032, 0.032, 0.968, 0.968], "texture": "#5"},
				"down": {"uv": [0.032, 0.032, 0.968, 0.968], "texture": "#5"}
			}
		},
		{
			"name": "hexadecagon",
			"from": [7.28392, 11.1, 6.8],
			"to": [8.71608, 11.6, 7.8],
			"rotation": {"angle": -45, "axis": "z", "origin": [8, 8, 7.3]},
			"faces": {
				"north": {"uv": [0.032, 0.032, 0.968, 0.968], "texture": "#5"},
				"up": {"uv": [0.032, 0.032, 0.968, 0.968], "texture": "#5"}
			}
		},
		{
			"name": "hexadecagon",
			"from": [7.28392, 11.1, 6.8],
			"to": [8.71608, 11.6, 7.8],
			"rotation": {"angle": -22.5, "axis": "z", "origin": [8, 8, 7.3]},
			"faces": {
				"north": {"uv": [0.032, 0.032, 0.968, 0.968], "texture": "#5"},
				"up": {"uv": [0.032, 0.032, 0.968, 0.968], "texture": "#5"}
			}
		},
		{
			"name": "hexadecagon",
			"from": [7.28392, 11.1, 6.8],
			"to": [8.71608, 11.6, 7.8],
			"rotation": {"angle": 0, "axis": "y", "origin": [8, 8, 7.3]},
			"faces": {
				"north": {"uv": [0.032, 0.032, 0.968, 0.968], "texture": "#5"},
				"up": {"uv": [0.032, 0.032, 0.968, 0.968], "texture": "#5"}
			}
		},
		{
			"name": "hexadecagon",
			"from": [7.28392, 11.1, 6.8],
			"to": [8.71608, 11.6, 7.8],
			"rotation": {"angle": 22.5, "axis": "z", "origin": [8, 8, 7.3]},
			"faces": {
				"north": {"uv": [0.032, 0.032, 0.968, 0.968], "texture": "#5"},
				"up": {"uv": [0.032, 0.032, 0.968, 0.968], "texture": "#5"}
			}
		},
		{
			"name": "hexadecagon",
			"from": [7.28392, 11.1, 6.8],
			"to": [8.71608, 11.6, 7.8],
			"rotation": {"angle": 45, "axis": "z", "origin": [8, 8, 7.3]},
			"faces": {
				"north": {"uv": [0.032, 0.032, 0.968, 0.968], "texture": "#5"},
				"up": {"uv": [0.032, 0.032, 0.968, 0.968], "texture": "#5"}
			}
		},
		{
			"name": "hexadecagon",
			"from": [4.4, 7.28392, 6.8],
			"to": [4.9, 8.71608, 7.8],
			"rotation": {"angle": -22.5, "axis": "z", "origin": [8, 8, 7.3]},
			"faces": {
				"north": {"uv": [0.032, 0.032, 0.968, 0.968], "texture": "#5"},
				"west": {"uv": [0.032, 0.032, 0.968, 0.968], "texture": "#5"}
			}
		},
		{
			"name": "hexadecagon",
			"from": [4.4, 7.28392, 6.8],
			"to": [4.9, 8.71608, 7.8],
			"rotation": {"angle": 0, "axis": "y", "origin": [8, 8, 7.3]},
			"faces": {
				"north": {"uv": [0.032, 0.032, 0.968, 0.968], "texture": "#5"},
				"west": {"uv": [0.032, 0.032, 0.968, 0.968], "texture": "#5"}
			}
		},
		{
			"name": "hexadecagon",
			"from": [4.4, 7.28392, 6.8],
			"to": [4.9, 8.71608, 7.8],
			"rotation": {"angle": 22.5, "axis": "z", "origin": [8, 8, 7.3]},
			"faces": {
				"north": {"uv": [0.032, 0.032, 0.968, 0.968], "texture": "#5"},
				"west": {"uv": [0.032, 0.032, 0.968, 0.968], "texture": "#5"}
			}
		},
		{
			"name": "hexadecagon",
			"from": [11.1, 7.28392, 6.8],
			"to": [11.6, 8.71608, 7.8],
			"rotation": {"angle": -22.5, "axis": "z", "origin": [8, 8, 7.3]},
			"faces": {
				"north": {"uv": [0.032, 0.032, 0.968, 0.968], "texture": "#5"},
				"east": {"uv": [0.032, 0.032, 0.968, 0.968], "texture": "#5"}
			}
		},
		{
			"name": "hexadecagon",
			"from": [11.1, 7.28392, 6.8],
			"to": [11.6, 8.71608, 7.8],
			"rotation": {"angle": 0, "axis": "y", "origin": [8, 8, 7.3]},
			"faces": {
				"north": {"uv": [0.032, 0.032, 0.968, 0.968], "texture": "#5"},
				"east": {"uv": [0.032, 0.032, 0.968, 0.968], "texture": "#5"}
			}
		},
		{
			"name": "hexadecagon",
			"from": [11.1, 7.28392, 6.8],
			"to": [11.6, 8.71608, 7.8],
			"rotation": {"angle": 22.5, "axis": "z", "origin": [8, 8, 7.3]},
			"faces": {
				"north": {"uv": [0.032, 0.032, 0.968, 0.968], "texture": "#5"},
				"east": {"uv": [0.032, 0.032, 0.968, 0.968], "texture": "#5"}
			}
		},
		{
			"name": "hexadecagon",
			"from": [7.30381, 4.5, 6.7],
			"to": [8.69619, 5, 7.7],
			"rotation": {"angle": -45, "axis": "z", "origin": [8, 8, 7.2]},
			"faces": {
				"north": {"uv": [0.032, 0.032, 0.968, 0.968], "texture": "#5"},
				"down": {"uv": [0.032, 0.032, 0.968, 0.968], "texture": "#5"}
			}
		},
		{
			"name": "hexadecagon",
			"from": [7.30381, 4.5, 6.7],
			"to": [8.69619, 5, 7.7],
			"rotation": {"angle": -22.5, "axis": "z", "origin": [8, 8, 7.2]},
			"faces": {
				"north": {"uv": [0.032, 0.032, 0.968, 0.968], "texture": "#5"},
				"down": {"uv": [0.032, 0.032, 0.968, 0.968], "texture": "#5"}
			}
		},
		{
			"name": "hexadecagon",
			"from": [7.30381, 4.5, 6.7],
			"to": [8.69619, 5, 7.7],
			"rotation": {"angle": 0, "axis": "y", "origin": [8, 8, 7.2]},
			"faces": {
				"north": {"uv": [0.032, 0.032, 0.968, 0.968], "texture": "#5"},
				"down": {"uv": [0.032, 0.032, 0.968, 0.968], "texture": "#5"}
			}
		},
		{
			"name": "hexadecagon",
			"from": [7.30381, 4.5, 6.7],
			"to": [8.69619, 5, 7.7],
			"rotation": {"angle": 22.5, "axis": "z", "origin": [8, 8, 7.2]},
			"faces": {
				"north": {"uv": [0.032, 0.032, 0.968, 0.968], "texture": "#5"},
				"down": {"uv": [0.032, 0.032, 0.968, 0.968], "texture": "#5"}
			}
		},
		{
			"name": "hexadecagon",
			"from": [7.30381, 4.5, 6.7],
			"to": [8.69619, 5, 7.7],
			"rotation": {"angle": 45, "axis": "z", "origin": [8, 8, 7.2]},
			"faces": {
				"north": {"uv": [0.032, 0.032, 0.968, 0.968], "texture": "#5"},
				"down": {"uv": [0.032, 0.032, 0.968, 0.968], "texture": "#5"}
			}
		},
		{
			"name": "hexadecagon",
			"from": [7.30381, 11, 6.7],
			"to": [8.69619, 11.5, 7.7],
			"rotation": {"angle": -45, "axis": "z", "origin": [8, 8, 7.2]},
			"faces": {
				"north": {"uv": [0.032, 0.032, 0.968, 0.968], "texture": "#5"},
				"up": {"uv": [0.032, 0.032, 0.968, 0.968], "texture": "#5"}
			}
		},
		{
			"name": "hexadecagon",
			"from": [7.30381, 11, 6.7],
			"to": [8.69619, 11.5, 7.7],
			"rotation": {"angle": -22.5, "axis": "z", "origin": [8, 8, 7.2]},
			"faces": {
				"north": {"uv": [0.032, 0.032, 0.968, 0.968], "texture": "#5"},
				"up": {"uv": [0.032, 0.032, 0.968, 0.968], "texture": "#5"}
			}
		},
		{
			"name": "hexadecagon",
			"from": [7.30381, 11, 6.7],
			"to": [8.69619, 11.5, 7.7],
			"rotation": {"angle": 0, "axis": "y", "origin": [8, 8, 7.2]},
			"faces": {
				"north": {"uv": [0.032, 0.032, 0.968, 0.968], "texture": "#5"},
				"up": {"uv": [0.032, 0.032, 0.968, 0.968], "texture": "#5"}
			}
		},
		{
			"name": "hexadecagon",
			"from": [7.30381, 11, 6.7],
			"to": [8.69619, 11.5, 7.7],
			"rotation": {"angle": 22.5, "axis": "z", "origin": [8, 8, 7.2]},
			"faces": {
				"north": {"uv": [0.032, 0.032, 0.968, 0.968], "texture": "#5"},
				"up": {"uv": [0.032, 0.032, 0.968, 0.968], "texture": "#5"}
			}
		},
		{
			"name": "hexadecagon",
			"from": [7.30381, 11, 6.7],
			"to": [8.69619, 11.5, 7.7],
			"rotation": {"angle": 45, "axis": "z", "origin": [8, 8, 7.2]},
			"faces": {
				"north": {"uv": [0.032, 0.032, 0.968, 0.968], "texture": "#5"},
				"up": {"uv": [0.032, 0.032, 0.968, 0.968], "texture": "#5"}
			}
		},
		{
			"name": "hexadecagon",
			"from": [4.5, 7.30381, 6.7],
			"to": [5, 8.69619, 7.7],
			"rotation": {"angle": -22.5, "axis": "z", "origin": [8, 8, 7.2]},
			"faces": {
				"north": {"uv": [0.032, 0.032, 0.968, 0.968], "texture": "#5"},
				"west": {"uv": [0.032, 0.032, 0.968, 0.968], "texture": "#5"}
			}
		},
		{
			"name": "hexadecagon",
			"from": [4.5, 7.30381, 6.7],
			"to": [5, 8.69619, 7.7],
			"rotation": {"angle": 0, "axis": "y", "origin": [8, 8, 7.2]},
			"faces": {
				"north": {"uv": [0.032, 0.032, 0.968, 0.968], "texture": "#5"},
				"west": {"uv": [0.032, 0.032, 0.968, 0.968], "texture": "#5"}
			}
		},
		{
			"name": "hexadecagon",
			"from": [4.5, 7.30381, 6.7],
			"to": [5, 8.69619, 7.7],
			"rotation": {"angle": 22.5, "axis": "z", "origin": [8, 8, 7.2]},
			"faces": {
				"north": {"uv": [0.032, 0.032, 0.968, 0.968], "texture": "#5"},
				"west": {"uv": [0.032, 0.032, 0.968, 0.968], "texture": "#5"}
			}
		},
		{
			"name": "hexadecagon",
			"from": [11, 7.30381, 6.7],
			"to": [11.5, 8.69619, 7.7],
			"rotation": {"angle": -22.5, "axis": "z", "origin": [8, 8, 7.2]},
			"faces": {
				"north": {"uv": [0.032, 0.032, 0.968, 0.968], "texture": "#5"},
				"east": {"uv": [0.032, 0.032, 0.968, 0.968], "texture": "#5"}
			}
		},
		{
			"name": "hexadecagon",
			"from": [11, 7.30381, 6.7],
			"to": [11.5, 8.69619, 7.7],
			"rotation": {"angle": 0, "axis": "y", "origin": [8, 8, 7.2]},
			"faces": {
				"north": {"uv": [0.032, 0.032, 0.968, 0.968], "texture": "#5"},
				"east": {"uv": [0.032, 0.032, 0.968, 0.968], "texture": "#5"}
			}
		},
		{
			"name": "hexadecagon",
			"from": [11, 7.30381, 6.7],
			"to": [11.5, 8.69619, 7.7],
			"rotation": {"angle": 22.5, "axis": "z", "origin": [8, 8, 7.2]},
			"faces": {
				"north": {"uv": [0.032, 0.032, 0.968, 0.968], "texture": "#5"},
				"east": {"uv": [0.032, 0.032, 0.968, 0.968], "texture": "#5"}
			}
		},
		{
			"name": "hexadecagon",
			"from": [7.40326, 5, 6.6],
			"to": [8.59674, 5.7, 8.6],
			"rotation": {"angle": -45, "axis": "z", "origin": [8, 8, 7.1]},
			"faces": {
				"north": {"uv": [0.032, 0.032, 0.968, 0.968], "texture": "#8"},
				"up": {"uv": [0.032, 0.032, 0.968, 0.968], "texture": "#8"},
				"down": {"uv": [0.032, 0.032, 0.968, 0.968], "texture": "#8"}
			}
		},
		{
			"name": "hexadecagon",
			"from": [7.40326, 5, 6.6],
			"to": [8.59674, 5.7, 8.6],
			"rotation": {"angle": -22.5, "axis": "z", "origin": [8, 8, 7.1]},
			"faces": {
				"north": {"uv": [0.032, 0.032, 0.968, 0.968], "texture": "#8"},
				"up": {"uv": [0.032, 0.032, 0.968, 0.968], "texture": "#8"},
				"down": {"uv": [0.032, 0.032, 0.968, 0.968], "texture": "#8"}
			}
		},
		{
			"name": "hexadecagon",
			"from": [7.40326, 5, 6.6],
			"to": [8.59674, 5.7, 8.6],
			"rotation": {"angle": 0, "axis": "z", "origin": [8, 8, 7.1]},
			"faces": {
				"north": {"uv": [0.032, 0.032, 0.968, 0.968], "texture": "#8"},
				"up": {"uv": [0.032, 0.032, 0.968, 0.968], "texture": "#8"},
				"down": {"uv": [0.032, 0.032, 0.968, 0.968], "texture": "#8"}
			}
		},
		{
			"name": "hexadecagon",
			"from": [7.40326, 5, 6.6],
			"to": [8.59674, 5.7, 8.6],
			"rotation": {"angle": 22.5, "axis": "z", "origin": [8, 8, 7.1]},
			"faces": {
				"north": {"uv": [0.032, 0.032, 0.968, 0.968], "texture": "#8"},
				"up": {"uv": [0.032, 0.032, 0.968, 0.968], "texture": "#8"},
				"down": {"uv": [0.032, 0.032, 0.968, 0.968], "texture": "#8"}
			}
		},
		{
			"name": "hexadecagon",
			"from": [7.40326, 5, 6.6],
			"to": [8.59674, 5.7, 8.6],
			"rotation": {"angle": 45, "axis": "z", "origin": [8, 8, 7.1]},
			"faces": {
				"north": {"uv": [0.032, 0.032, 0.968, 0.968], "texture": "#8"},
				"up": {"uv": [0.032, 0.032, 0.968, 0.968], "texture": "#8"},
				"down": {"uv": [0.032, 0.032, 0.968, 0.968], "texture": "#8"}
			}
		},
		{
			"name": "hexadecagon",
			"from": [7.40326, 10.3, 6.6],
			"to": [8.59674, 11, 8.6],
			"rotation": {"angle": -45, "axis": "z", "origin": [8, 8, 7.1]},
			"faces": {
				"north": {"uv": [0.032, 0.032, 0.968, 0.968], "texture": "#8"},
				"up": {"uv": [0.032, 0.032, 0.968, 0.968], "texture": "#8"},
				"down": {"uv": [0.032, 0.032, 0.968, 0.968], "texture": "#8"}
			}
		},
		{
			"name": "hexadecagon",
			"from": [7.40326, 10.3, 6.6],
			"to": [8.59674, 11, 8.6],
			"rotation": {"angle": -22.5, "axis": "z", "origin": [8, 8, 7.1]},
			"faces": {
				"north": {"uv": [0.032, 0.032, 0.968, 0.968], "texture": "#8"},
				"up": {"uv": [0.032, 0.032, 0.968, 0.968], "texture": "#8"},
				"down": {"uv": [0.032, 0.032, 0.968, 0.968], "texture": "#8"}
			}
		},
		{
			"name": "hexadecagon",
			"from": [7.40326, 10.3, 6.6],
			"to": [8.59674, 11, 8.6],
			"rotation": {"angle": 0, "axis": "z", "origin": [8, 8, 7.1]},
			"faces": {
				"north": {"uv": [0.032, 0.032, 0.968, 0.968], "texture": "#8"},
				"up": {"uv": [0.032, 0.032, 0.968, 0.968], "texture": "#8"},
				"down": {"uv": [0.032, 0.032, 0.968, 0.968], "texture": "#8"}
			}
		},
		{
			"name": "hexadecagon",
			"from": [7.40326, 10.3, 6.6],
			"to": [8.59674, 11, 8.6],
			"rotation": {"angle": 22.5, "axis": "z", "origin": [8, 8, 7.1]},
			"faces": {
				"north": {"uv": [0.032, 0.032, 0.968, 0.968], "texture": "#8"},
				"up": {"uv": [0.032, 0.032, 0.968, 0.968], "texture": "#8"},
				"down": {"uv": [0.032, 0.032, 0.968, 0.968], "texture": "#8"}
			}
		},
		{
			"name": "hexadecagon",
			"from": [7.40326, 10.3, 6.6],
			"to": [8.59674, 11, 8.6],
			"rotation": {"angle": 45, "axis": "z", "origin": [8, 8, 7.1]},
			"faces": {
				"north": {"uv": [0.032, 0.032, 0.968, 0.968], "texture": "#8"},
				"up": {"uv": [0.032, 0.032, 0.968, 0.968], "texture": "#8"},
				"down": {"uv": [0.032, 0.032, 0.968, 0.968], "texture": "#8"}
			}
		},
		{
			"name": "hexadecagon",
			"from": [5, 7.40326, 6.6],
			"to": [5.7, 8.59674, 8.6],
			"rotation": {"angle": -22.5, "axis": "z", "origin": [8, 8, 7.1]},
			"faces": {
				"north": {"uv": [0.032, 0.032, 0.968, 0.968], "texture": "#8"},
				"east": {"uv": [0.032, 0.032, 0.968, 0.968], "texture": "#8"},
				"west": {"uv": [0.032, 0.032, 0.968, 0.968], "texture": "#8"}
			}
		},
		{
			"name": "hexadecagon",
			"from": [5, 7.40326, 6.6],
			"to": [5.7, 8.59674, 8.6],
			"rotation": {"angle": 0, "axis": "z", "origin": [8, 8, 7.1]},
			"faces": {
				"north": {"uv": [0.032, 0.032, 0.968, 0.968], "texture": "#8"},
				"east": {"uv": [0.032, 0.032, 0.968, 0.968], "texture": "#8"},
				"west": {"uv": [0.032, 0.032, 0.968, 0.968], "texture": "#8"}
			}
		},
		{
			"name": "hexadecagon",
			"from": [5, 7.40326, 6.6],
			"to": [5.7, 8.59674, 8.6],
			"rotation": {"angle": 22.5, "axis": "z", "origin": [8, 8, 7.1]},
			"faces": {
				"north": {"uv": [0.032, 0.032, 0.968, 0.968], "texture": "#8"},
				"east": {"uv": [0.032, 0.032, 0.968, 0.968], "texture": "#8"},
				"west": {"uv": [0.032, 0.032, 0.968, 0.968], "texture": "#8"}
			}
		},
		{
			"name": "hexadecagon",
			"from": [10.3, 7.40326, 6.6],
			"to": [11, 8.59674, 8.6],
			"rotation": {"angle": -22.5, "axis": "z", "origin": [8, 8, 7.1]},
			"faces": {
				"north": {"uv": [0.032, 0.032, 0.968, 0.968], "texture": "#8"},
				"east": {"uv": [0.032, 0.032, 0.968, 0.968], "texture": "#8"},
				"west": {"uv": [0.032, 0.032, 0.968, 0.968], "texture": "#8"}
			}
		},
		{
			"name": "hexadecagon",
			"from": [10.3, 7.40326, 6.6],
			"to": [11, 8.59674, 8.6],
			"rotation": {"angle": 0, "axis": "z", "origin": [8, 8, 7.1]},
			"faces": {
				"north": {"uv": [0.032, 0.032, 0.968, 0.968], "texture": "#8"},
				"east": {"uv": [0.032, 0.032, 0.968, 0.968], "texture": "#8"},
				"west": {"uv": [0.032, 0.032, 0.968, 0.968], "texture": "#8"}
			}
		},
		{
			"name": "hexadecagon",
			"from": [10.3, 7.40326, 6.6],
			"to": [11, 8.59674, 8.6],
			"rotation": {"angle": 22.5, "axis": "z", "origin": [8, 8, 7.1]},
			"faces": {
				"north": {"uv": [0.032, 0.032, 0.968, 0.968], "texture": "#8"},
				"east": {"uv": [0.032, 0.032, 0.968, 0.968], "texture": "#8"},
				"west": {"uv": [0.032, 0.032, 0.968, 0.968], "texture": "#8"}
			}
		},
		{
			"name": "octagon",
			"from": [7.79289, 7.5, 4.7],
			"to": [8.20711, 8.5, 9.7],
			"rotation": {"angle": 45, "axis": "z", "origin": [8, 8, 8.2]},
			"faces": {
				"north": {"uv": [0.032, 0.032, 0.968, 0.968], "texture": "#6"},
				"up": {"uv": [0.032, 0.032, 0.968, 0.968], "texture": "#6"},
				"down": {"uv": [0.032, 0.032, 0.968, 0.968], "texture": "#6"}
			}
		},
		{
			"name": "octagon",
			"from": [7.79289, 7.5, 4.7],
			"to": [8.20711, 8.5, 9.7],
			"rotation": {"angle": 0, "axis": "z", "origin": [8, 8, 8.2]},
			"faces": {
				"north": {"uv": [0.032, 0.032, 0.968, 0.968], "texture": "#6"},
				"up": {"uv": [0.032, 0.032, 0.968, 0.968], "texture": "#6"},
				"down": {"uv": [0.032, 0.032, 0.968, 0.968], "texture": "#6"}
			}
		},
		{
			"name": "octagon",
			"from": [7.5, 7.79289, 4.7],
			"to": [8.5, 8.20711, 9.7],
			"rotation": {"angle": 45, "axis": "z", "origin": [8, 8, 8.2]},
			"faces": {
				"north": {"uv": [0.032, 0.032, 0.968, 0.968], "texture": "#6"},
				"east": {"uv": [0.032, 0.032, 0.968, 0.968], "texture": "#6"},
				"west": {"uv": [0.032, 0.032, 0.968, 0.968], "texture": "#6"}
			}
		},
		{
			"name": "octagon",
			"from": [7.5, 7.79289, 4.7],
			"to": [8.5, 8.20711, 9.7],
			"rotation": {"angle": 0, "axis": "z", "origin": [8, 8, 8.2]},
			"faces": {
				"north": {"uv": [0.032, 0.032, 0.968, 0.968], "texture": "#6"},
				"east": {"uv": [0.032, 0.032, 0.968, 0.968], "texture": "#6"},
				"west": {"uv": [0.032, 0.032, 0.968, 0.968], "texture": "#6"}
			}
		},
		{
			"name": "octagon",
			"from": [7.89645, 7.75, 4.1],
			"to": [8.10355, 8.25, 4.8],
			"rotation": {"angle": 45, "axis": "z", "origin": [8, 8, 4.6]},
			"faces": {
				"north": {"uv": [0.032, 0.032, 0.968, 0.968], "texture": "#6"},
				"up": {"uv": [0.032, 0.032, 0.968, 0.968], "texture": "#6"},
				"down": {"uv": [0.032, 0.032, 0.968, 0.968], "texture": "#6"}
			}
		},
		{
			"name": "octagon",
			"from": [7.89645, 7.75, 4.1],
			"to": [8.10355, 8.25, 4.8],
			"rotation": {"angle": 0, "axis": "z", "origin": [8, 8, 4.6]},
			"faces": {
				"north": {"uv": [0.032, 0.032, 0.968, 0.968], "texture": "#6"},
				"up": {"uv": [0.032, 0.032, 0.968, 0.968], "texture": "#6"},
				"down": {"uv": [0.032, 0.032, 0.968, 0.968], "texture": "#6"}
			}
		},
		{
			"name": "octagon",
			"from": [7.75, 7.89645, 4.1],
			"to": [8.25, 8.10355, 4.8],
			"rotation": {"angle": 45, "axis": "z", "origin": [8, 8, 4.6]},
			"faces": {
				"north": {"uv": [0.032, 0.032, 0.968, 0.968], "texture": "#6"},
				"east": {"uv": [0.032, 0.032, 0.968, 0.968], "texture": "#6"},
				"west": {"uv": [0.032, 0.032, 0.968, 0.968], "texture": "#6"}
			}
		},
		{
			"name": "octagon",
			"from": [7.75, 7.89645, 4.1],
			"to": [8.25, 8.10355, 4.8],
			"rotation": {"angle": 0, "axis": "z", "origin": [8, 8, 4.6]},
			"faces": {
				"north": {"uv": [0.032, 0.032, 0.968, 0.968], "texture": "#6"},
				"east": {"uv": [0.032, 0.032, 0.968, 0.968], "texture": "#6"},
				"west": {"uv": [0.032, 0.032, 0.968, 0.968], "texture": "#6"}
			}
		},
		{
			"name": "octagon",
			"from": [7.58579, 7, 3.75],
			"to": [8.41421, 7.15, 3.85],
			"rotation": {"angle": 45, "axis": "z", "origin": [8, 8, 4.25]},
			"faces": {
				"north": {"uv": [0.032, 0.032, 0.968, 0.968], "texture": "#6"},
				"south": {"uv": [0.032, 0.032, 0.968, 0.968], "texture": "#6"},
				"up": {"uv": [0.032, 0.032, 0.968, 0.968], "texture": "#6"},
				"down": {"uv": [0.032, 0.032, 0.968, 0.968], "texture": "#6"}
			}
		},
		{
			"name": "octagon",
			"from": [7.58579, 7, 3.75],
			"to": [8.41421, 7.15, 3.85],
			"rotation": {"angle": 0, "axis": "z", "origin": [8, 8, 4.25]},
			"faces": {
				"north": {"uv": [0.032, 0.032, 0.968, 0.968], "texture": "#6"},
				"south": {"uv": [0.032, 0.032, 0.968, 0.968], "texture": "#6"},
				"up": {"uv": [0.032, 0.032, 0.968, 0.968], "texture": "#6"},
				"down": {"uv": [0.032, 0.032, 0.968, 0.968], "texture": "#6"}
			}
		},
		{
			"name": "octagon",
			"from": [7.58579, 8.85, 3.75],
			"to": [8.41421, 9, 3.85],
			"rotation": {"angle": 45, "axis": "z", "origin": [8, 8, 4.25]},
			"faces": {
				"north": {"uv": [0.032, 0.032, 0.968, 0.968], "texture": "#6"},
				"south": {"uv": [0.032, 0.032, 0.968, 0.968], "texture": "#6"},
				"up": {"uv": [0.032, 0.032, 0.968, 0.968], "texture": "#6"},
				"down": {"uv": [0.032, 0.032, 0.968, 0.968], "texture": "#6"}
			}
		},
		{
			"name": "octagon",
			"from": [7.58579, 8.85, 3.75],
			"to": [8.41421, 9, 3.85],
			"rotation": {"angle": 0, "axis": "z", "origin": [8, 8, 4.25]},
			"faces": {
				"north": {"uv": [0.032, 0.032, 0.968, 0.968], "texture": "#6"},
				"south": {"uv": [0.032, 0.032, 0.968, 0.968], "texture": "#6"},
				"up": {"uv": [0.032, 0.032, 0.968, 0.968], "texture": "#6"},
				"down": {"uv": [0.032, 0.032, 0.968, 0.968], "texture": "#6"}
			}
		},
		{
			"name": "octagon",
			"from": [7, 7.58579, 3.75],
			"to": [7.15, 8.41421, 3.85],
			"rotation": {"angle": 45, "axis": "z", "origin": [8, 8, 4.25]},
			"faces": {
				"north": {"uv": [0.032, 0.032, 0.968, 0.968], "texture": "#6"},
				"east": {"uv": [0.032, 0.032, 0.968, 0.968], "texture": "#6"},
				"south": {"uv": [0.032, 0.032, 0.968, 0.968], "texture": "#6"},
				"west": {"uv": [0.032, 0.032, 0.968, 0.968], "texture": "#6"}
			}
		},
		{
			"name": "octagon",
			"from": [7, 7.58579, 3.75],
			"to": [7.15, 8.41421, 3.85],
			"rotation": {"angle": 0, "axis": "z", "origin": [8, 8, 4.25]},
			"faces": {
				"north": {"uv": [0.032, 0.032, 0.968, 0.968], "texture": "#6"},
				"east": {"uv": [0.032, 0.032, 0.968, 0.968], "texture": "#6"},
				"south": {"uv": [0.032, 0.032, 0.968, 0.968], "texture": "#6"},
				"west": {"uv": [0.032, 0.032, 0.968, 0.968], "texture": "#6"}
			}
		},
		{
			"name": "octagon",
			"from": [8.85, 7.58579, 3.75],
			"to": [9, 8.41421, 3.85],
			"rotation": {"angle": 45, "axis": "z", "origin": [8, 8, 4.25]},
			"faces": {
				"north": {"uv": [0.032, 0.032, 0.968, 0.968], "texture": "#6"},
				"east": {"uv": [0.032, 0.032, 0.968, 0.968], "texture": "#6"},
				"south": {"uv": [0.032, 0.032, 0.968, 0.968], "texture": "#6"},
				"west": {"uv": [0.032, 0.032, 0.968, 0.968], "texture": "#6"}
			}
		},
		{
			"name": "octagon",
			"from": [8.85, 7.58579, 3.75],
			"to": [9, 8.41421, 3.85],
			"rotation": {"angle": 0, "axis": "z", "origin": [8, 8, 4.25]},
			"faces": {
				"north": {"uv": [0.032, 0.032, 0.968, 0.968], "texture": "#6"},
				"east": {"uv": [0.032, 0.032, 0.968, 0.968], "texture": "#6"},
				"south": {"uv": [0.032, 0.032, 0.968, 0.968], "texture": "#6"},
				"west": {"uv": [0.032, 0.032, 0.968, 0.968], "texture": "#6"}
			}
		},
		{
			"name": "octagon",
			"from": [7.7858, 8.85, 3.35],
			"to": [8.21423, 11, 3.475],
			"rotation": {"angle": 22.5, "axis": "x", "origin": [8, 8, 3.875]},
			"faces": {
				"north": {"uv": [0.032, 0.032, 0.968, 0.968], "texture": "#6"},
				"east": {"uv": [0.032, 0.032, 0.968, 0.968], "texture": "#6"},
				"south": {"uv": [0.032, 0.032, 0.968, 0.968], "texture": "#6"},
				"west": {"uv": [0.032, 0.032, 0.968, 0.968], "texture": "#6"},
				"up": {"uv": [0.032, 0.032, 0.968, 0.968], "texture": "#6"},
				"down": {"uv": [0.032, 0.032, 0.968, 0.968], "texture": "#6"}
			}
		},
		{
			"name": "octagon",
			"from": [8.85, 7.78579, 3.35],
			"to": [11, 8.21421, 3.475],
			"rotation": {"angle": -22.5, "axis": "y", "origin": [8, 8, 3.875]},
			"faces": {
				"north": {"uv": [0.032, 0.032, 0.968, 0.968], "texture": "#6"},
				"east": {"uv": [0.032, 0.032, 0.968, 0.968], "texture": "#6"},
				"south": {"uv": [0.032, 0.032, 0.968, 0.968], "texture": "#6"},
				"west": {"uv": [0.032, 0.032, 0.968, 0.968], "texture": "#6"},
				"up": {"uv": [0.032, 0.032, 0.968, 0.968], "texture": "#6"},
				"down": {"uv": [0.032, 0.032, 0.968, 0.968], "texture": "#6"}
			}
		},
		{
			"name": "octagon",
			"from": [7.78579, 5, 3.35],
			"to": [8.21421, 7.15, 3.475],
			"rotation": {"angle": -22.5, "axis": "x", "origin": [8, 8, 3.875]},
			"faces": {
				"north": {"uv": [0.032, 0.032, 0.968, 0.968], "texture": "#6"},
				"east": {"uv": [0.032, 0.032, 0.968, 0.968], "texture": "#6"},
				"south": {"uv": [0.032, 0.032, 0.968, 0.968], "texture": "#6"},
				"west": {"uv": [0.032, 0.032, 0.968, 0.968], "texture": "#6"},
				"up": {"uv": [0.032, 0.032, 0.968, 0.968], "texture": "#6"},
				"down": {"uv": [0.032, 0.032, 0.968, 0.968], "texture": "#6"}
			}
		},
		{
			"name": "octagon",
			"from": [5, 7.78579, 3.35],
			"to": [7.15, 8.21421, 3.475],
			"rotation": {"angle": 22.5, "axis": "y", "origin": [8, 8, 3.875]},
			"faces": {
				"north": {"uv": [0.032, 0.032, 0.968, 0.968], "texture": "#6"},
				"east": {"uv": [0.032, 0.032, 0.968, 0.968], "texture": "#6"},
				"south": {"uv": [0.032, 0.032, 0.968, 0.968], "texture": "#6"},
				"west": {"uv": [0.032, 0.032, 0.968, 0.968], "texture": "#6"},
				"up": {"uv": [0.032, 0.032, 0.968, 0.968], "texture": "#6"},
				"down": {"uv": [0.032, 0.032, 0.968, 0.968], "texture": "#6"}
			}
		},
		{
			"name": "octagon",
			"from": [7.7858, 5.1, 3.45],
			"to": [8.21423, 5.2, 5.4],
			"rotation": {"angle": -22.5, "axis": "x", "origin": [8, 8, 4.25]},
			"faces": {
				"north": {"uv": [0.032, 0.032, 0.968, 0.968], "rotation": 180, "texture": "#6"},
				"east": {"uv": [0.032, 0.032, 0.968, 0.968], "rotation": 90, "texture": "#6"},
				"south": {"uv": [0.032, 0.032, 0.968, 0.968], "texture": "#6"},
				"west": {"uv": [0.032, 0.032, 0.968, 0.968], "rotation": 270, "texture": "#6"},
				"up": {"uv": [0.032, 0.032, 0.968, 0.968], "texture": "#6"},
				"down": {"uv": [0.032, 0.032, 0.968, 0.968], "rotation": 180, "texture": "#6"}
			}
		},
		{
			"name": "octagon",
			"from": [5.1, 7.78579, 3.45],
			"to": [5.2, 8.21421, 5.4],
			"rotation": {"angle": 22.5, "axis": "y", "origin": [8, 8, 4.25]},
			"faces": {
				"north": {"uv": [0.032, 0.032, 0.968, 0.968], "texture": "#6"},
				"east": {"uv": [0.032, 0.032, 0.968, 0.968], "texture": "#6"},
				"south": {"uv": [0.032, 0.032, 0.968, 0.968], "texture": "#6"},
				"west": {"uv": [0.032, 0.032, 0.968, 0.968], "texture": "#6"},
				"up": {"uv": [0.032, 0.032, 0.968, 0.968], "rotation": 270, "texture": "#6"},
				"down": {"uv": [0.032, 0.032, 0.968, 0.968], "rotation": 90, "texture": "#6"}
			}
		},
		{
			"name": "octagon",
			"from": [7.78579, 10.8, 3.45],
			"to": [8.21421, 10.9, 5.4],
			"rotation": {"angle": 22.5, "axis": "x", "origin": [8, 8, 4.25]},
			"faces": {
				"north": {"uv": [0.032, 0.032, 0.968, 0.968], "rotation": 180, "texture": "#6"},
				"east": {"uv": [0.032, 0.032, 0.968, 0.968], "rotation": 270, "texture": "#6"},
				"south": {"uv": [0.032, 0.032, 0.968, 0.968], "texture": "#6"},
				"west": {"uv": [0.032, 0.032, 0.968, 0.968], "rotation": 90, "texture": "#6"},
				"up": {"uv": [0.032, 0.032, 0.968, 0.968], "rotation": 180, "texture": "#6"},
				"down": {"uv": [0.032, 0.032, 0.968, 0.968], "texture": "#6"}
			}
		},
		{
			"name": "octagon",
			"from": [10.8, 7.78579, 3.45],
			"to": [10.9, 8.21421, 5.4],
			"rotation": {"angle": -22.5, "axis": "y", "origin": [8, 8, 4.25]},
			"faces": {
				"north": {"uv": [0.032, 0.032, 0.968, 0.968], "texture": "#6"},
				"east": {"uv": [0.032, 0.032, 0.968, 0.968], "texture": "#6"},
				"south": {"uv": [0.032, 0.032, 0.968, 0.968], "texture": "#6"},
				"west": {"uv": [0.032, 0.032, 0.968, 0.968], "texture": "#6"},
				"up": {"uv": [0.032, 0.032, 0.968, 0.968], "rotation": 90, "texture": "#6"},
				"down": {"uv": [0.032, 0.032, 0.968, 0.968], "rotation": 270, "texture": "#6"}
			}
		},
		{
			"name": "octagon",
			"from": [7.78579, 7.05, 3.75],
			"to": [8.21421, 7.05, 8.85],
			"rotation": {"angle": 0, "axis": "z", "origin": [8, 8, 4.25]},
			"faces": {
				"up": {"uv": [0.032, 0.032, 0.968, 0.968], "rotation": 270, "texture": "#6"},
				"down": {"uv": [0.032, 0.032, 0.968, 0.968], "rotation": 270, "texture": "#6"}
			}
		},
		{
			"name": "octagon",
			"from": [9.425, 7.78579, 6.45],
			"to": [9.425, 8.21421, 8.85],
			"rotation": {"angle": 0, "axis": "z", "origin": [8, 8, 4.25]},
			"faces": {
				"east": {"uv": [0.032, 0.032, 0.968, 0.968], "texture": "#6"},
				"west": {"uv": [0.032, 0.032, 0.968, 0.968], "texture": "#6"}
			}
		},
		{
			"name": "octagon",
			"from": [6.575, 7.78579, 6.45],
			"to": [6.575, 8.21421, 8.85],
			"rotation": {"angle": 0, "axis": "z", "origin": [8, 8, 4.25]},
			"faces": {
				"east": {"uv": [0.032, 0.032, 0.968, 0.968], "texture": "#6"},
				"west": {"uv": [0.032, 0.032, 0.968, 0.968], "texture": "#6"}
			}
		},
		{
			"name": "octagon",
			"from": [7.78579, 8.95, 3.75],
			"to": [8.21421, 8.95, 8.85],
			"rotation": {"angle": 0, "axis": "z", "origin": [8, 8, 4.25]},
			"faces": {
				"up": {"uv": [0.032, 0.032, 0.968, 0.968], "rotation": 270, "texture": "#6"},
				"down": {"uv": [0.032, 0.032, 0.968, 0.968], "rotation": 270, "texture": "#6"}
			}
		},
		{
			"name": "hexadecagon",
			"from": [7.56239, 5.8, 6.3],
			"to": [8.43761, 6.6, 6.5],
			"rotation": {"angle": -45, "axis": "z", "origin": [8, 8, 6.8]},
			"faces": {
				"north": {"uv": [0.032, 0.032, 0.968, 0.968], "texture": "#6"},
				"south": {"uv": [0.032, 0.032, 0.968, 0.968], "texture": "#6"},
				"up": {"uv": [0.032, 0.032, 0.968, 0.968], "texture": "#6"},
				"down": {"uv": [0.032, 0.032, 0.968, 0.968], "texture": "#6"}
			}
		},
		{
			"name": "hexadecagon",
			"from": [7.56239, 5.8, 6.3],
			"to": [8.43761, 6.6, 6.5],
			"rotation": {"angle": -22.5, "axis": "z", "origin": [8, 8, 6.8]},
			"faces": {
				"north": {"uv": [0.032, 0.032, 0.968, 0.968], "texture": "#6"},
				"south": {"uv": [0.032, 0.032, 0.968, 0.968], "texture": "#6"},
				"up": {"uv": [0.032, 0.032, 0.968, 0.968], "texture": "#6"},
				"down": {"uv": [0.032, 0.032, 0.968, 0.968], "texture": "#6"}
			}
		},
		{
			"name": "hexadecagon",
			"from": [7.56239, 5.8, 6.3],
			"to": [8.43761, 6.6, 6.5],
			"rotation": {"angle": 0, "axis": "z", "origin": [8, 8, 6.8]},
			"faces": {
				"north": {"uv": [0.032, 0.032, 0.968, 0.968], "texture": "#6"},
				"south": {"uv": [0.032, 0.032, 0.968, 0.968], "texture": "#6"},
				"up": {"uv": [0.032, 0.032, 0.968, 0.968], "texture": "#6"},
				"down": {"uv": [0.032, 0.032, 0.968, 0.968], "texture": "#6"}
			}
		},
		{
			"name": "hexadecagon",
			"from": [7.56239, 5.8, 6.3],
			"to": [8.43761, 6.6, 6.5],
			"rotation": {"angle": 22.5, "axis": "z", "origin": [8, 8, 6.8]},
			"faces": {
				"north": {"uv": [0.032, 0.032, 0.968, 0.968], "texture": "#6"},
				"south": {"uv": [0.032, 0.032, 0.968, 0.968], "texture": "#6"},
				"up": {"uv": [0.032, 0.032, 0.968, 0.968], "texture": "#6"},
				"down": {"uv": [0.032, 0.032, 0.968, 0.968], "texture": "#6"}
			}
		},
		{
			"name": "hexadecagon",
			"from": [7.56239, 5.8, 6.3],
			"to": [8.43761, 6.6, 6.5],
			"rotation": {"angle": 45, "axis": "z", "origin": [8, 8, 6.8]},
			"faces": {
				"north": {"uv": [0.032, 0.032, 0.968, 0.968], "texture": "#6"},
				"south": {"uv": [0.032, 0.032, 0.968, 0.968], "texture": "#6"},
				"up": {"uv": [0.032, 0.032, 0.968, 0.968], "texture": "#6"},
				"down": {"uv": [0.032, 0.032, 0.968, 0.968], "texture": "#6"}
			}
		},
		{
			"name": "hexadecagon",
			"from": [7.56239, 9.4, 6.3],
			"to": [8.43761, 10.2, 6.5],
			"rotation": {"angle": -45, "axis": "z", "origin": [8, 8, 6.8]},
			"faces": {
				"north": {"uv": [0.032, 0.032, 0.968, 0.968], "texture": "#6"},
				"south": {"uv": [0.032, 0.032, 0.968, 0.968], "texture": "#6"},
				"up": {"uv": [0.032, 0.032, 0.968, 0.968], "texture": "#6"},
				"down": {"uv": [0.032, 0.032, 0.968, 0.968], "texture": "#6"}
			}
		},
		{
			"name": "hexadecagon",
			"from": [7.56239, 9.4, 6.3],
			"to": [8.43761, 10.2, 6.5],
			"rotation": {"angle": -22.5, "axis": "z", "origin": [8, 8, 6.8]},
			"faces": {
				"north": {"uv": [0.032, 0.032, 0.968, 0.968], "texture": "#6"},
				"south": {"uv": [0.032, 0.032, 0.968, 0.968], "texture": "#6"},
				"up": {"uv": [0.032, 0.032, 0.968, 0.968], "texture": "#6"},
				"down": {"uv": [0.032, 0.032, 0.968, 0.968], "texture": "#6"}
			}
		},
		{
			"name": "hexadecagon",
			"from": [7.56239, 9.4, 6.3],
			"to": [8.43761, 10.2, 6.5],
			"rotation": {"angle": 0, "axis": "z", "origin": [8, 8, 6.8]},
			"faces": {
				"north": {"uv": [0.032, 0.032, 0.968, 0.968], "texture": "#6"},
				"south": {"uv": [0.032, 0.032, 0.968, 0.968], "texture": "#6"},
				"up": {"uv": [0.032, 0.032, 0.968, 0.968], "texture": "#6"},
				"down": {"uv": [0.032, 0.032, 0.968, 0.968], "texture": "#6"}
			}
		},
		{
			"name": "hexadecagon",
			"from": [7.56239, 9.4, 6.3],
			"to": [8.43761, 10.2, 6.5],
			"rotation": {"angle": 22.5, "axis": "z", "origin": [8, 8, 6.8]},
			"faces": {
				"north": {"uv": [0.032, 0.032, 0.968, 0.968], "texture": "#6"},
				"south": {"uv": [0.032, 0.032, 0.968, 0.968], "texture": "#6"},
				"up": {"uv": [0.032, 0.032, 0.968, 0.968], "texture": "#6"},
				"down": {"uv": [0.032, 0.032, 0.968, 0.968], "texture": "#6"}
			}
		},
		{
			"name": "hexadecagon",
			"from": [7.56239, 9.4, 6.3],
			"to": [8.43761, 10.2, 6.5],
			"rotation": {"angle": 45, "axis": "z", "origin": [8, 8, 6.8]},
			"faces": {
				"north": {"uv": [0.032, 0.032, 0.968, 0.968], "texture": "#6"},
				"south": {"uv": [0.032, 0.032, 0.968, 0.968], "texture": "#6"},
				"up": {"uv": [0.032, 0.032, 0.968, 0.968], "texture": "#6"},
				"down": {"uv": [0.032, 0.032, 0.968, 0.968], "texture": "#6"}
			}
		},
		{
			"name": "hexadecagon",
			"from": [5.8, 7.56239, 6.3],
			"to": [6.6, 8.43761, 6.5],
			"rotation": {"angle": -22.5, "axis": "z", "origin": [8, 8, 6.8]},
			"faces": {
				"north": {"uv": [0.032, 0.032, 0.968, 0.968], "texture": "#6"},
				"east": {"uv": [0.032, 0.032, 0.968, 0.968], "texture": "#6"},
				"south": {"uv": [0.032, 0.032, 0.968, 0.968], "texture": "#6"},
				"west": {"uv": [0.032, 0.032, 0.968, 0.968], "texture": "#6"}
			}
		},
		{
			"name": "hexadecagon",
			"from": [5.8, 7.56239, 6.3],
			"to": [6.6, 8.43761, 6.5],
			"rotation": {"angle": 0, "axis": "z", "origin": [8, 8, 6.8]},
			"faces": {
				"north": {"uv": [0.032, 0.032, 0.968, 0.968], "texture": "#6"},
				"east": {"uv": [0.032, 0.032, 0.968, 0.968], "texture": "#6"},
				"south": {"uv": [0.032, 0.032, 0.968, 0.968], "texture": "#6"},
				"west": {"uv": [0.032, 0.032, 0.968, 0.968], "texture": "#6"}
			}
		},
		{
			"name": "hexadecagon",
			"from": [5.8, 7.56239, 6.3],
			"to": [6.6, 8.43761, 6.5],
			"rotation": {"angle": 22.5, "axis": "z", "origin": [8, 8, 6.8]},
			"faces": {
				"north": {"uv": [0.032, 0.032, 0.968, 0.968], "texture": "#6"},
				"east": {"uv": [0.032, 0.032, 0.968, 0.968], "texture": "#6"},
				"south": {"uv": [0.032, 0.032, 0.968, 0.968], "texture": "#6"},
				"west": {"uv": [0.032, 0.032, 0.968, 0.968], "texture": "#6"}
			}
		},
		{
			"name": "hexadecagon",
			"from": [9.4, 7.56239, 6.3],
			"to": [10.2, 8.43761, 6.5],
			"rotation": {"angle": -22.5, "axis": "z", "origin": [8, 8, 6.8]},
			"faces": {
				"north": {"uv": [0.032, 0.032, 0.968, 0.968], "texture": "#6"},
				"east": {"uv": [0.032, 0.032, 0.968, 0.968], "texture": "#6"},
				"south": {"uv": [0.032, 0.032, 0.968, 0.968], "texture": "#6"},
				"west": {"uv": [0.032, 0.032, 0.968, 0.968], "texture": "#6"}
			}
		},
		{
			"name": "hexadecagon",
			"from": [9.4, 7.56239, 6.3],
			"to": [10.2, 8.43761, 6.5],
			"rotation": {"angle": 0, "axis": "z", "origin": [8, 8, 6.8]},
			"faces": {
				"north": {"uv": [0.032, 0.032, 0.968, 0.968], "texture": "#6"},
				"east": {"uv": [0.032, 0.032, 0.968, 0.968], "texture": "#6"},
				"south": {"uv": [0.032, 0.032, 0.968, 0.968], "texture": "#6"},
				"west": {"uv": [0.032, 0.032, 0.968, 0.968], "texture": "#6"}
			}
		},
		{
			"name": "hexadecagon",
			"from": [9.4, 7.56239, 6.3],
			"to": [10.2, 8.43761, 6.5],
			"rotation": {"angle": 22.5, "axis": "z", "origin": [8, 8, 6.8]},
			"faces": {
				"north": {"uv": [0.032, 0.032, 0.968, 0.968], "texture": "#6"},
				"east": {"uv": [0.032, 0.032, 0.968, 0.968], "texture": "#6"},
				"south": {"uv": [0.032, 0.032, 0.968, 0.968], "texture": "#6"},
				"west": {"uv": [0.032, 0.032, 0.968, 0.968], "texture": "#6"}
			}
		}
	],
	"display": {
		"thirdperson_righthand": {
			"rotation": [75, 45, 0],
			"translation": [0, 2.5, 0],
			"scale": [0.375, 0.375, 0.375]
		},
		"thirdperson_lefthand": {
			"rotation": [75, 45, 0],
			"translation": [0, 2.5, 0],
			"scale": [0.375, 0.375, 0.375]
		},
		"firstperson_righthand": {
			"rotation": [0, 45, 0],
			"scale": [0.4, 0.4, 0.4]
		},
		"firstperson_lefthand": {
			"rotation": [0, 225, 0],
			"scale": [0.4, 0.4, 0.4]
		},
		"ground": {
			"translation": [0, 3, 0],
			"scale": [0.25, 0.25, 0.25]
		},
		"gui": {
			"rotation": [0, -180, 0],
			"scale": [0.84, 0.84, 0.84]
		},
		"head": {
			"translation": [0, 0, -7.5],
			"scale": [1.5, 1.5, 1.5]
		},
		"fixed": {
			"translation": [-0.1, 0.1, 0],
			"scale": [1.95, 1.95, 1.97]
		}
	},
	"groups": [
		0,
		{
			"name": "Frame",
			"origin": [8, 8, 8],
			"color": 0,
			"children": [1, 2, 3, 4, 5, 6, 7, 8]
		},
		{
			"name": "MetalOuterRing",
			"origin": [8, 8, 8],
			"color": 0,
			"children": [9, 10, 11, 12, 13, 14, 15, 16, 17, 18, 19, 20, 21, 22, 23, 24]
		},
		{
			"name": "CeramicOuterRing",
			"origin": [8, 8, 8],
			"color": 0,
			"children": [25, 26, 27, 28, 29, 30, 31, 32, 33, 34, 35, 36, 37, 38, 39, 40]
		},
		{
			"name": "CeramicOuterRing",
			"origin": [8, 8, 8],
			"color": 0,
			"children": [41, 42, 43, 44, 45, 46, 47, 48, 49, 50, 51, 52, 53, 54, 55, 56]
		},
		{
			"name": "CeramicOuterRing",
			"origin": [8, 8, 8],
			"color": 0,
			"children": [57, 58, 59, 60, 61, 62, 63, 64, 65, 66, 67, 68, 69, 70, 71, 72]
		},
		{
			"name": "CeramicOuterRing",
			"origin": [8, 8, 8],
			"color": 0,
			"children": [73, 74, 75, 76, 77, 78, 79, 80, 81, 82, 83, 84, 85, 86, 87, 88]
		},
		{
			"name": "MetalInnerRing",
			"origin": [8, 8, 8],
			"color": 0,
			"children": [89, 90, 91, 92, 93, 94, 95, 96, 97, 98, 99, 100, 101, 102, 103, 104]
		},
		{
			"name": "Laser",
			"origin": [8, 8, 8],
			"color": 0,
			"children": [105, 106, 107, 108]
		},
		{
			"name": "Laser",
			"origin": [8, 8, 8],
			"color": 0,
			"children": [109, 110, 111, 112]
		},
		{
			"name": "Lens",
			"origin": [8, 8, 8],
			"color": 0,
			"children": [113, 114, 115, 116, 117, 118, 119, 120]
		},
		{
			"name": "lensholder",
			"origin": [8, 8, 8],
			"color": 0,
			"children": [121, 122, 123, 124]
		},
		{
			"name": "lensholder",
			"origin": [8, 8, 8],
			"color": 0,
			"children": [125, 126, 127, 128]
		},
		{
			"name": "lensholder",
			"origin": [8, 8, 8],
			"color": 0,
			"children": [129, 130, 131, 132]
		},
		{
			"name": "lensbase",
			"origin": [8, 8, 8],
			"color": 0,
			"children": [133, 134, 135, 136, 137, 138, 139, 140, 141, 142, 143, 144, 145, 146, 147, 148]
		}
	]
}