{
  "sfx_opening_fountain": {
    "sounds": ["custom:deltarune_opening_fountain_reverb"]
  },
  "amb_void": {
    "sounds": ["custom:at_the_terminus_of_the_blue"]
  },
  "mus_fake_bossfight_met": {
    "sounds": ["custom:moe_chakka_fire_instrumental"]
  },
  "mus_true_bossfight_met": {
    "sounds": ["custom:bad_apple_orchestral_instrumental"]
  },
  "mus_happy_ending_4_v1": {
    "sounds": ["custom:chess_spedup"]
  },
  "mus_happy_ending_4_v2": {
    "sounds": ["custom:linga_guli_guli"]
  },
  "sfx_command_block_hit": {
    "sounds": ["custom:cmd_hit"]
  },
  "sfx_command_block_destroyed": {
    "sounds": ["custom:cmd_destroyed"]
  }
}
