{
    "sources": [
        {
            "type": "directory",
            "source": "laser",
            "prefix": "laser/"
        },
        {
            "type": "directory",
            "source": "portalgun",
            "prefix": "portalgun/"
        },
        {
            "type": "directory",
            "source": "cube",
            "prefix": "cube/"
        },
        {
            "type": "single",
            "resource": "portal_gun:glow_generic"
        },
        {
            "type": "single",
            "resource": "portal_gun:ceramic"
        },
        {
            "type": "single",
            "resource": "portal_gun:metal"
        },
        {
            "type": "single",
            "resource": "portal_gun:metal_light"
        },
        {
            "type": "single",
            "resource": "portal_gun:barcode"
        },
        {
            "type": "single",
            "resource": "portal_gun:logo"
        },
        {
            "type": "single",
            "resource": "portal_gun:groove"
        },
        {
            "type": "single",
            "resource": "portal_gun:around_light"
        },
        {
            "type": "single",
            "resource": "portal_gun:chrome"
        },
        {
            "type": "single",
            "resource": "portal_gun:glass"
        },
        {
            "type": "single",
            "resource": "portal_gun:wire"
        }
    ]
}