{
	"credit": "Made with Blockbench",
	"textures": {
		"1": "portal_gun:glow_generic",
		"2": "portal_gun:cube/cube_shell",
		"3": "portal_gun:cube/cube_outer_shell",
		"4": "portal_gun:cube/metal_lighter",
		"5": "portal_gun:cube/heart",
		"particle": "portal_gun:glow_generic"
	},
	"elements": [
		{
			"name": "Glow",
			"from": [1, 1, 1],
			"to": [15, 15, 15],
			"rotation": {"angle": 0, "axis": "y", "origin": [8, 8, 8]},
			"faces": {
				"north": {"uv": [4.032, 0.032, 4.968, 0.968], "texture": "#1"},
				"east": {"uv": [4.032, 0.032, 4.968, 0.968], "texture": "#1"},
				"south": {"uv": [4.032, 0.032, 4.968, 0.968], "texture": "#1"},
				"west": {"uv": [4.032, 0.032, 4.968, 0.968], "texture": "#1"},
				"up": {"uv": [4.032, 0.032, 4.968, 0.968], "texture": "#1"},
				"down": {"uv": [4.032, 0.032, 4.968, 0.968], "texture": "#1"}
			}
		},
		{
			"name": "Shell",
			"from": [0.9, 0.9, 0.9],
			"to": [15.1, 15.1, 15.1],
			"rotation": {"angle": 0, "axis": "y", "origin": [8, 8, 8]},
			"faces": {
				"north": {"uv": [0.032, 0.032, 15.968, 15.968], "texture": "#2"},
				"east": {"uv": [0.032, 0.032, 15.968, 15.968], "texture": "#2"},
				"south": {"uv": [0.032, 0.032, 15.968, 15.968], "texture": "#2"},
				"west": {"uv": [0.032, 0.032, 15.968, 15.968], "texture": "#2"},
				"up": {"uv": [0.032, 0.032, 15.968, 15.968], "texture": "#2"},
				"down": {"uv": [0.032, 0.032, 15.968, 15.968], "texture": "#2"}
			}
		},
		{
			"from": [11.2, 11.2, 0.4],
			"to": [15.6, 15.6, 4.8],
			"rotation": {"angle": 0, "axis": "y", "origin": [13.4, 13.4, 2.6]},
			"faces": {
				"north": {"uv": [0.032, 0.032, 15.968, 15.968], "texture": "#3"},
				"east": {"uv": [15.968, 0.032, 0.032, 15.968], "texture": "#3"},
				"south": {"uv": [10.968, 8.75, 9.75, 9.968], "texture": "#3"},
				"west": {"uv": [9.75, 8.75, 10.968, 9.968], "texture": "#3"},
				"up": {"uv": [15.968, 0.032, 0.032, 15.968], "texture": "#3"},
				"down": {"uv": [9.75, 8.75, 10.968, 9.968], "rotation": 180, "texture": "#3"}
			}
		},
		{
			"from": [0.4, 11.2, 0.4],
			"to": [4.8, 15.6, 4.8],
			"rotation": {"angle": 0, "axis": "y", "origin": [2.7, 13.4, 2.6]},
			"faces": {
				"north": {"uv": [0.032, 0.032, 15.968, 15.968], "rotation": 90, "texture": "#3"},
				"east": {"uv": [9.75, 8.75, 10.968, 9.968], "rotation": 90, "texture": "#3"},
				"south": {"uv": [10.968, 8.75, 9.75, 9.968], "rotation": 270, "texture": "#3"},
				"west": {"uv": [15.968, 0.032, 0.032, 15.968], "rotation": 270, "texture": "#3"},
				"up": {"uv": [15.968, 0.032, 0.032, 15.968], "rotation": 270, "texture": "#3"},
				"down": {"uv": [9.75, 8.75, 10.968, 9.968], "rotation": 270, "texture": "#3"}
			}
		},
		{
			"from": [0.4, 0.4, 0.4],
			"to": [4.8, 4.8, 4.8],
			"rotation": {"angle": 0, "axis": "y", "origin": [8, 13.4, 2.6]},
			"faces": {
				"north": {"uv": [0.032, 0.032, 15.968, 15.968], "rotation": 180, "texture": "#3"},
				"east": {"uv": [9.75, 8.75, 10.968, 9.968], "rotation": 180, "texture": "#3"},
				"south": {"uv": [10.968, 8.75, 9.75, 9.968], "rotation": 180, "texture": "#3"},
				"west": {"uv": [15.968, 0.032, 0.032, 15.968], "rotation": 180, "texture": "#3"},
				"up": {"uv": [9.75, 8.75, 10.968, 9.968], "texture": "#3"},
				"down": {"uv": [15.968, 0.032, 0.032, 15.968], "rotation": 180, "texture": "#3"}
			}
		},
		{
			"from": [11.2, 0.4, 0.4],
			"to": [15.6, 4.8, 4.8],
			"rotation": {"angle": 0, "axis": "y", "origin": [8, 13.4, 2.6]},
			"faces": {
				"north": {"uv": [0.032, 0.032, 15.968, 15.968], "rotation": 270, "texture": "#3"},
				"east": {"uv": [15.968, 0.032, 0.032, 15.968], "rotation": 90, "texture": "#3"},
				"south": {"uv": [10.968, 8.75, 9.75, 9.968], "rotation": 90, "texture": "#3"},
				"west": {"uv": [9.75, 8.75, 10.968, 9.968], "rotation": 270, "texture": "#3"},
				"up": {"uv": [9.75, 8.75, 10.968, 9.968], "rotation": 90, "texture": "#3"},
				"down": {"uv": [15.968, 0.032, 0.032, 15.968], "rotation": 90, "texture": "#3"}
			}
		},
		{
			"from": [11.2, 11.2, 11.2],
			"to": [15.6, 15.6, 15.6],
			"rotation": {"angle": 0, "axis": "y", "origin": [8, 8, 2.6]},
			"faces": {
				"north": {"uv": [10.968, 8.75, 9.75, 9.968], "rotation": 270, "texture": "#3"},
				"east": {"uv": [15.968, 0.032, 0.032, 15.968], "rotation": 270, "texture": "#3"},
				"south": {"uv": [0.032, 0.032, 15.968, 15.968], "rotation": 90, "texture": "#3"},
				"west": {"uv": [9.75, 8.75, 10.968, 9.968], "rotation": 90, "texture": "#3"},
				"up": {"uv": [15.968, 0.032, 0.032, 15.968], "rotation": 90, "texture": "#3"},
				"down": {"uv": [9.75, 8.75, 10.968, 9.968], "rotation": 90, "texture": "#3"}
			}
		},
		{
			"from": [0.4, 11.2, 11.2],
			"to": [4.8, 15.6, 15.6],
			"rotation": {"angle": 0, "axis": "y", "origin": [8, 8, 2.6]},
			"faces": {
				"north": {"uv": [10.968, 8.75, 9.75, 9.968], "texture": "#3"},
				"east": {"uv": [9.75, 8.75, 10.968, 9.968], "texture": "#3"},
				"south": {"uv": [0.032, 0.032, 15.968, 15.968], "texture": "#3"},
				"west": {"uv": [15.968, 0.032, 0.032, 15.968], "texture": "#3"},
				"up": {"uv": [15.968, 0.032, 0.032, 15.968], "rotation": 180, "texture": "#3"},
				"down": {"uv": [9.75, 8.75, 10.968, 9.968], "texture": "#3"}
			}
		},
		{
			"from": [11.2, 0.4, 11.2],
			"to": [15.6, 4.8, 15.6],
			"rotation": {"angle": 0, "axis": "y", "origin": [8, 8, 2.6]},
			"faces": {
				"north": {"uv": [10.968, 8.75, 9.75, 9.968], "rotation": 180, "texture": "#3"},
				"east": {"uv": [15.968, 0.032, 0.032, 15.968], "rotation": 180, "texture": "#3"},
				"south": {"uv": [0.032, 0.032, 15.968, 15.968], "rotation": 180, "texture": "#3"},
				"west": {"uv": [9.75, 8.75, 10.968, 9.968], "rotation": 180, "texture": "#3"},
				"up": {"uv": [9.75, 8.75, 10.968, 9.968], "rotation": 180, "texture": "#3"},
				"down": {"uv": [15.968, 0.032, 0.032, 15.968], "texture": "#3"}
			}
		},
		{
			"from": [0.4, 0.4, 11.2],
			"to": [4.8, 4.8, 15.6],
			"rotation": {"angle": 0, "axis": "y", "origin": [8, 8, 2.6]},
			"faces": {
				"north": {"uv": [10.968, 8.75, 9.75, 9.968], "rotation": 90, "texture": "#3"},
				"east": {"uv": [9.75, 8.75, 10.968, 9.968], "rotation": 270, "texture": "#3"},
				"south": {"uv": [0.032, 0.032, 15.968, 15.968], "rotation": 270, "texture": "#3"},
				"west": {"uv": [15.968, 0.032, 0.032, 15.968], "rotation": 90, "texture": "#3"},
				"up": {"uv": [9.75, 8.75, 10.968, 9.968], "rotation": 270, "texture": "#3"},
				"down": {"uv": [15.968, 0.032, 0.032, 15.968], "rotation": 270, "texture": "#3"}
			}
		},
		{
			"name": "hexadecagon",
			"from": [5.45761, 15.05, 0.4],
			"to": [10.54239, 16, 1.225],
			"rotation": {"angle": -45, "axis": "z", "origin": [8, 8, 0.9]},
			"faces": {
				"north": {"uv": [0.032, 0.032, 0.968, 0.968], "texture": "#3"},
				"east": {"uv": [0.032, 0.032, 0.968, 0.968], "texture": "#3"},
				"south": {"uv": [0.032, 0.032, 0.968, 0.968], "texture": "#3"},
				"west": {"uv": [0.032, 0.032, 0.968, 0.968], "texture": "#3"},
				"down": {"uv": [0.032, 0.032, 0.968, 0.968], "texture": "#3"}
			}
		},
		{
			"name": "hexadecagon",
			"from": [5.45761, 15.05, 0.4],
			"to": [10.54239, 16, 1.225],
			"rotation": {"angle": 45, "axis": "z", "origin": [8, 8, 0.9]},
			"faces": {
				"north": {"uv": [0.032, 0.032, 0.968, 0.968], "texture": "#3"},
				"east": {"uv": [0.032, 0.032, 0.968, 0.968], "texture": "#3"},
				"south": {"uv": [0.032, 0.032, 0.968, 0.968], "texture": "#3"},
				"west": {"uv": [0.032, 0.032, 0.968, 0.968], "texture": "#3"},
				"down": {"uv": [0.032, 0.032, 0.968, 0.968], "texture": "#3"}
			}
		},
		{
			"name": "hexadecagon",
			"from": [0, 5.45761, 0.4],
			"to": [0.95, 10.54239, 1.225],
			"rotation": {"angle": 45, "axis": "z", "origin": [8, 8, 0.9]},
			"faces": {
				"north": {"uv": [0.032, 0.032, 0.968, 0.968], "rotation": 90, "texture": "#3"},
				"east": {"uv": [0.032, 0.032, 0.968, 0.968], "rotation": 270, "texture": "#3"},
				"south": {"uv": [0.032, 0.032, 0.968, 0.968], "rotation": 270, "texture": "#3"},
				"up": {"uv": [0.032, 0.032, 0.968, 0.968], "rotation": 270, "texture": "#3"},
				"down": {"uv": [0.032, 0.032, 0.968, 0.968], "rotation": 270, "texture": "#3"}
			}
		},
		{
			"name": "hexadecagon",
			"from": [5.45761, 0, 0.4],
			"to": [10.54239, 0.95, 1.225],
			"rotation": {"angle": 45, "axis": "z", "origin": [8, 8, 0.9]},
			"faces": {
				"north": {"uv": [0.032, 0.032, 0.968, 0.968], "rotation": 180, "texture": "#3"},
				"east": {"uv": [0.032, 0.032, 0.968, 0.968], "rotation": 180, "texture": "#3"},
				"south": {"uv": [0.032, 0.032, 0.968, 0.968], "rotation": 180, "texture": "#3"},
				"west": {"uv": [0.032, 0.032, 0.968, 0.968], "rotation": 180, "texture": "#3"},
				"up": {"uv": [0.032, 0.032, 0.968, 0.968], "rotation": 180, "texture": "#3"}
			}
		},
		{
			"name": "hexadecagon",
			"from": [15.05, 0.4, 5.45761],
			"to": [16, 1.225, 10.54239],
			"rotation": {"angle": -45, "axis": "y", "origin": [8, 8, 8]},
			"faces": {
				"north": {"uv": [0.032, 0.032, 0.968, 0.968], "rotation": 270, "texture": "#3"},
				"south": {"uv": [0.032, 0.032, 0.968, 0.968], "rotation": 90, "texture": "#3"},
				"west": {"uv": [0.032, 0.032, 0.968, 0.968], "texture": "#3"},
				"up": {"uv": [0.032, 0.032, 0.968, 0.968], "rotation": 90, "texture": "#3"},
				"down": {"uv": [0.032, 0.032, 0.968, 0.968], "rotation": 90, "texture": "#3"}
			}
		},
		{
			"name": "hexadecagon",
			"from": [5.45761, 0.4, 0],
			"to": [10.54239, 1.225, 0.95],
			"rotation": {"angle": -45, "axis": "y", "origin": [8, 8, 8]},
			"faces": {
				"east": {"uv": [0.032, 0.032, 0.968, 0.968], "rotation": 90, "texture": "#3"},
				"south": {"uv": [0.032, 0.032, 0.968, 0.968], "texture": "#3"},
				"west": {"uv": [0.032, 0.032, 0.968, 0.968], "rotation": 270, "texture": "#3"},
				"up": {"uv": [0.032, 0.032, 0.968, 0.968], "texture": "#3"},
				"down": {"uv": [0.032, 0.032, 0.968, 0.968], "rotation": 180, "texture": "#3"}
			}
		},
		{
			"name": "hexadecagon",
			"from": [0, 0.4, 5.45761],
			"to": [0.95, 1.225, 10.54239],
			"rotation": {"angle": -45, "axis": "y", "origin": [8, 8, 8]},
			"faces": {
				"north": {"uv": [0.032, 0.032, 0.968, 0.968], "rotation": 90, "texture": "#3"},
				"east": {"uv": [0.032, 0.032, 0.968, 0.968], "texture": "#3"},
				"south": {"uv": [0.032, 0.032, 0.968, 0.968], "rotation": 270, "texture": "#3"},
				"up": {"uv": [0.032, 0.032, 0.968, 0.968], "rotation": 270, "texture": "#3"},
				"down": {"uv": [0.032, 0.032, 0.968, 0.968], "rotation": 270, "texture": "#3"}
			}
		},
		{
			"name": "hexadecagon",
			"from": [5.45761, 0.4, 15.05],
			"to": [10.54239, 1.225, 16],
			"rotation": {"angle": -45, "axis": "y", "origin": [8, 8, 8]},
			"faces": {
				"north": {"uv": [0.032, 0.032, 0.968, 0.968], "texture": "#3"},
				"east": {"uv": [0.032, 0.032, 0.968, 0.968], "rotation": 270, "texture": "#3"},
				"west": {"uv": [0.032, 0.032, 0.968, 0.968], "rotation": 90, "texture": "#3"},
				"up": {"uv": [0.032, 0.032, 0.968, 0.968], "rotation": 180, "texture": "#3"},
				"down": {"uv": [0.032, 0.032, 0.968, 0.968], "texture": "#3"}
			}
		},
		{
			"name": "hexadecagon",
			"from": [0, 14.775, 5.45761],
			"to": [0.95, 15.6, 10.54239],
			"rotation": {"angle": -45, "axis": "y", "origin": [8, 8, 8]},
			"faces": {
				"north": {"uv": [0.032, 0.032, 0.968, 0.968], "rotation": 90, "texture": "#3"},
				"east": {"uv": [0.032, 0.032, 0.968, 0.968], "rotation": 180, "texture": "#3"},
				"south": {"uv": [0.032, 0.032, 0.968, 0.968], "rotation": 270, "texture": "#3"},
				"up": {"uv": [0.032, 0.032, 0.968, 0.968], "rotation": 270, "texture": "#3"},
				"down": {"uv": [0.032, 0.032, 0.968, 0.968], "rotation": 270, "texture": "#3"}
			}
		},
		{
			"name": "hexadecagon",
			"from": [5.45761, 14.775, 0],
			"to": [10.54239, 15.6, 0.95],
			"rotation": {"angle": -45, "axis": "y", "origin": [8, 8, 8]},
			"faces": {
				"east": {"uv": [0.032, 0.032, 0.968, 0.968], "rotation": 90, "texture": "#3"},
				"south": {"uv": [0.032, 0.032, 0.968, 0.968], "rotation": 180, "texture": "#3"},
				"west": {"uv": [0.032, 0.032, 0.968, 0.968], "rotation": 270, "texture": "#3"},
				"up": {"uv": [0.032, 0.032, 0.968, 0.968], "texture": "#3"},
				"down": {"uv": [0.032, 0.032, 0.968, 0.968], "rotation": 180, "texture": "#3"}
			}
		},
		{
			"name": "hexadecagon",
			"from": [15.05, 14.775, 5.45761],
			"to": [16, 15.6, 10.54239],
			"rotation": {"angle": -45, "axis": "y", "origin": [8, 8, 8]},
			"faces": {
				"north": {"uv": [0.032, 0.032, 0.968, 0.968], "rotation": 270, "texture": "#3"},
				"south": {"uv": [0.032, 0.032, 0.968, 0.968], "rotation": 90, "texture": "#3"},
				"west": {"uv": [0.032, 0.032, 0.968, 0.968], "rotation": 180, "texture": "#3"},
				"up": {"uv": [0.032, 0.032, 0.968, 0.968], "rotation": 90, "texture": "#3"},
				"down": {"uv": [0.032, 0.032, 0.968, 0.968], "rotation": 90, "texture": "#3"}
			}
		},
		{
			"name": "hexadecagon",
			"from": [5.45761, 14.775, 15.05],
			"to": [10.54239, 15.6, 16],
			"rotation": {"angle": -45, "axis": "y", "origin": [8, 8, 8]},
			"faces": {
				"north": {"uv": [0.032, 0.032, 0.968, 0.968], "rotation": 180, "texture": "#3"},
				"east": {"uv": [0.032, 0.032, 0.968, 0.968], "rotation": 270, "texture": "#3"},
				"west": {"uv": [0.032, 0.032, 0.968, 0.968], "rotation": 90, "texture": "#3"},
				"up": {"uv": [0.032, 0.032, 0.968, 0.968], "rotation": 180, "texture": "#3"},
				"down": {"uv": [0.032, 0.032, 0.968, 0.968], "texture": "#3"}
			}
		},
		{
			"name": "hexadecagon",
			"from": [14.775, 15.05, 5.45761],
			"to": [15.6, 16, 10.54239],
			"rotation": {"angle": -45, "axis": "x", "origin": [8, 8, 8]},
			"faces": {
				"north": {"uv": [0.032, 0.032, 0.968, 0.968], "texture": "#3"},
				"east": {"uv": [0.032, 0.032, 0.968, 0.968], "texture": "#3"},
				"south": {"uv": [0.032, 0.032, 0.968, 0.968], "texture": "#3"},
				"west": {"uv": [0.032, 0.032, 0.968, 0.968], "texture": "#3"},
				"down": {"uv": [0.032, 0.032, 0.968, 0.968], "rotation": 270, "texture": "#3"}
			}
		},
		{
			"name": "hexadecagon",
			"from": [14.775, 5.45761, 0],
			"to": [15.6, 10.54239, 0.95],
			"rotation": {"angle": -45, "axis": "x", "origin": [8, 8, 8]},
			"faces": {
				"east": {"uv": [0.032, 0.032, 0.968, 0.968], "rotation": 90, "texture": "#3"},
				"south": {"uv": [0.032, 0.032, 0.968, 0.968], "rotation": 270, "texture": "#3"},
				"west": {"uv": [0.032, 0.032, 0.968, 0.968], "rotation": 270, "texture": "#3"},
				"up": {"uv": [0.032, 0.032, 0.968, 0.968], "texture": "#3"},
				"down": {"uv": [0.032, 0.032, 0.968, 0.968], "rotation": 180, "texture": "#3"}
			}
		},
		{
			"name": "hexadecagon",
			"from": [14.775, 0, 5.45761],
			"to": [15.6, 0.95, 10.54239],
			"rotation": {"angle": -45, "axis": "x", "origin": [8, 8, 8]},
			"faces": {
				"north": {"uv": [0.032, 0.032, 0.968, 0.968], "rotation": 180, "texture": "#3"},
				"east": {"uv": [0.032, 0.032, 0.968, 0.968], "rotation": 180, "texture": "#3"},
				"south": {"uv": [0.032, 0.032, 0.968, 0.968], "rotation": 180, "texture": "#3"},
				"west": {"uv": [0.032, 0.032, 0.968, 0.968], "rotation": 180, "texture": "#3"},
				"up": {"uv": [0.032, 0.032, 0.968, 0.968], "rotation": 270, "texture": "#3"}
			}
		},
		{
			"name": "hexadecagon",
			"from": [14.775, 5.45761, 15.05],
			"to": [15.6, 10.54239, 16],
			"rotation": {"angle": -45, "axis": "x", "origin": [8, 8, 8]},
			"faces": {
				"north": {"uv": [0.032, 0.032, 0.968, 0.968], "rotation": 90, "texture": "#3"},
				"east": {"uv": [0.032, 0.032, 0.968, 0.968], "rotation": 270, "texture": "#3"},
				"west": {"uv": [0.032, 0.032, 0.968, 0.968], "rotation": 90, "texture": "#3"},
				"up": {"uv": [0.032, 0.032, 0.968, 0.968], "rotation": 180, "texture": "#3"},
				"down": {"uv": [0.032, 0.032, 0.968, 0.968], "texture": "#3"}
			}
		},
		{
			"name": "hexadecagon",
			"from": [5.45761, 15.05, 14.775],
			"to": [10.54239, 16, 15.6],
			"rotation": {"angle": -45, "axis": "z", "origin": [8, 8, 8]},
			"faces": {
				"north": {"uv": [0.032, 0.032, 0.968, 0.968], "texture": "#3"},
				"east": {"uv": [0.032, 0.032, 0.968, 0.968], "texture": "#3"},
				"south": {"uv": [0.032, 0.032, 0.968, 0.968], "texture": "#3"},
				"west": {"uv": [0.032, 0.032, 0.968, 0.968], "texture": "#3"},
				"down": {"uv": [0.032, 0.032, 0.968, 0.968], "rotation": 180, "texture": "#3"}
			}
		},
		{
			"name": "hexadecagon",
			"from": [15.05, 5.45761, 14.775],
			"to": [16, 10.54239, 15.6],
			"rotation": {"angle": -45, "axis": "z", "origin": [8, 8, 8]},
			"faces": {
				"north": {"uv": [0.032, 0.032, 0.968, 0.968], "rotation": 270, "texture": "#3"},
				"south": {"uv": [0.032, 0.032, 0.968, 0.968], "rotation": 90, "texture": "#3"},
				"west": {"uv": [0.032, 0.032, 0.968, 0.968], "rotation": 270, "texture": "#3"},
				"up": {"uv": [0.032, 0.032, 0.968, 0.968], "rotation": 90, "texture": "#3"},
				"down": {"uv": [0.032, 0.032, 0.968, 0.968], "rotation": 90, "texture": "#3"}
			}
		},
		{
			"name": "hexadecagon",
			"from": [5.45761, 0, 14.775],
			"to": [10.54239, 0.95, 15.6],
			"rotation": {"angle": -45, "axis": "z", "origin": [8, 8, 8]},
			"faces": {
				"north": {"uv": [0.032, 0.032, 0.968, 0.968], "rotation": 180, "texture": "#3"},
				"east": {"uv": [0.032, 0.032, 0.968, 0.968], "rotation": 180, "texture": "#3"},
				"south": {"uv": [0.032, 0.032, 0.968, 0.968], "rotation": 180, "texture": "#3"},
				"west": {"uv": [0.032, 0.032, 0.968, 0.968], "rotation": 180, "texture": "#3"},
				"up": {"uv": [0.032, 0.032, 0.968, 0.968], "texture": "#3"}
			}
		},
		{
			"name": "hexadecagon",
			"from": [0, 5.45761, 14.775],
			"to": [0.95, 10.54239, 15.6],
			"rotation": {"angle": -45, "axis": "z", "origin": [8, 8, 8]},
			"faces": {
				"north": {"uv": [0.032, 0.032, 0.968, 0.968], "rotation": 90, "texture": "#3"},
				"east": {"uv": [0.032, 0.032, 0.968, 0.968], "rotation": 90, "texture": "#3"},
				"south": {"uv": [0.032, 0.032, 0.968, 0.968], "rotation": 270, "texture": "#3"},
				"up": {"uv": [0.032, 0.032, 0.968, 0.968], "rotation": 270, "texture": "#3"},
				"down": {"uv": [0.032, 0.032, 0.968, 0.968], "rotation": 270, "texture": "#3"}
			}
		},
		{
			"name": "hexadecagon",
			"from": [0.4, 0, 5.45761],
			"to": [1.225, 0.95, 10.54239],
			"rotation": {"angle": 45, "axis": "x", "origin": [8, 8, 8]},
			"faces": {
				"north": {"uv": [0.032, 0.032, 0.968, 0.968], "rotation": 180, "texture": "#3"},
				"east": {"uv": [0.032, 0.032, 0.968, 0.968], "rotation": 180, "texture": "#3"},
				"south": {"uv": [0.032, 0.032, 0.968, 0.968], "rotation": 180, "texture": "#3"},
				"west": {"uv": [0.032, 0.032, 0.968, 0.968], "rotation": 180, "texture": "#3"},
				"up": {"uv": [0.032, 0.032, 0.968, 0.968], "rotation": 90, "texture": "#3"}
			}
		},
		{
			"name": "hexadecagon",
			"from": [0.4, 5.45761, 15.05],
			"to": [1.225, 10.54239, 16],
			"rotation": {"angle": 45, "axis": "x", "origin": [8, 8, 8]},
			"faces": {
				"north": {"uv": [0.032, 0.032, 0.968, 0.968], "rotation": 270, "texture": "#3"},
				"east": {"uv": [0.032, 0.032, 0.968, 0.968], "rotation": 270, "texture": "#3"},
				"west": {"uv": [0.032, 0.032, 0.968, 0.968], "rotation": 90, "texture": "#3"},
				"up": {"uv": [0.032, 0.032, 0.968, 0.968], "rotation": 180, "texture": "#3"},
				"down": {"uv": [0.032, 0.032, 0.968, 0.968], "texture": "#3"}
			}
		},
		{
			"name": "hexadecagon",
			"from": [0.4, 15.05, 5.45761],
			"to": [1.225, 16, 10.54239],
			"rotation": {"angle": 45, "axis": "x", "origin": [8, 8, 8]},
			"faces": {
				"north": {"uv": [0.032, 0.032, 0.968, 0.968], "texture": "#3"},
				"east": {"uv": [0.032, 0.032, 0.968, 0.968], "texture": "#3"},
				"south": {"uv": [0.032, 0.032, 0.968, 0.968], "texture": "#3"},
				"west": {"uv": [0.032, 0.032, 0.968, 0.968], "texture": "#3"},
				"down": {"uv": [0.032, 0.032, 0.968, 0.968], "rotation": 90, "texture": "#3"}
			}
		},
		{
			"name": "hexadecagon",
			"from": [0.4, 5.45761, 0],
			"to": [1.225, 10.54239, 0.95],
			"rotation": {"angle": 45, "axis": "x", "origin": [8, 8, 8]},
			"faces": {
				"east": {"uv": [0.032, 0.032, 0.968, 0.968], "rotation": 90, "texture": "#3"},
				"south": {"uv": [0.032, 0.032, 0.968, 0.968], "rotation": 90, "texture": "#3"},
				"west": {"uv": [0.032, 0.032, 0.968, 0.968], "rotation": 270, "texture": "#3"},
				"up": {"uv": [0.032, 0.032, 0.968, 0.968], "texture": "#3"},
				"down": {"uv": [0.032, 0.032, 0.968, 0.968], "rotation": 180, "texture": "#3"}
			}
		},
		{
			"from": [0.7, 6.6, 0.7],
			"to": [1.7, 9.4, 1.7],
			"rotation": {"angle": 0, "axis": "y", "origin": [8, 8, 8]},
			"faces": {
				"north": {"uv": [0.032, 0.032, 1, 2.8], "texture": "#3"},
				"east": {"uv": [0.032, 0.032, 1, 2.8], "texture": "#3"},
				"south": {"uv": [0.032, 0.032, 1, 2.8], "texture": "#3"},
				"west": {"uv": [0.032, 0.032, 1, 2.8], "texture": "#3"},
				"up": {"uv": [0.032, 0.032, 1, 1], "texture": "#3"},
				"down": {"uv": [0.032, 0.032, 1, 1], "texture": "#3"}
			}
		},
		{
			"from": [0.7, 6.6, 14.3],
			"to": [1.7, 9.4, 15.3],
			"rotation": {"angle": 0, "axis": "x", "origin": [8, 8, 8]},
			"faces": {
				"north": {"uv": [0.032, 0.032, 1, 2.8], "rotation": 180, "texture": "#3"},
				"east": {"uv": [0.032, 0.032, 1, 2.8], "rotation": 180, "texture": "#3"},
				"south": {"uv": [0.032, 0.032, 1, 2.8], "rotation": 180, "texture": "#3"},
				"west": {"uv": [0.032, 0.032, 1, 2.8], "rotation": 180, "texture": "#3"},
				"up": {"uv": [0.032, 0.032, 1, 1], "texture": "#3"},
				"down": {"uv": [0.032, 0.032, 1, 1], "texture": "#3"}
			}
		},
		{
			"from": [0.7, 14.3, 6.6],
			"to": [1.7, 15.3, 9.4],
			"rotation": {"angle": 0, "axis": "x", "origin": [8, 8, 8]},
			"faces": {
				"north": {"uv": [0.032, 0.032, 1, 1], "rotation": 180, "texture": "#3"},
				"east": {"uv": [0.032, 0.032, 1, 2.8], "rotation": 270, "texture": "#3"},
				"south": {"uv": [0.032, 0.032, 1, 1], "texture": "#3"},
				"west": {"uv": [0.032, 0.032, 1, 2.8], "rotation": 90, "texture": "#3"},
				"up": {"uv": [0.032, 0.032, 1, 2.8], "rotation": 180, "texture": "#3"},
				"down": {"uv": [0.032, 0.032, 1, 2.8], "texture": "#3"}
			}
		},
		{
			"from": [6.6, 14.3, 14.3],
			"to": [9.4, 15.3, 15.3],
			"rotation": {"angle": 0, "axis": "y", "origin": [8, 8, 8]},
			"faces": {
				"north": {"uv": [0.032, 0.032, 1, 2.8], "rotation": 270, "texture": "#3"},
				"east": {"uv": [0.032, 0.032, 1, 1], "texture": "#3"},
				"south": {"uv": [0.032, 0.032, 1, 2.8], "rotation": 90, "texture": "#3"},
				"west": {"uv": [0.032, 0.032, 1, 1], "rotation": 180, "texture": "#3"},
				"up": {"uv": [0.032, 0.032, 1, 2.8], "rotation": 90, "texture": "#3"},
				"down": {"uv": [0.032, 0.032, 1, 2.8], "rotation": 90, "texture": "#3"}
			}
		},
		{
			"from": [6.6, 14.3, 0.7],
			"to": [9.4, 15.3, 1.7],
			"rotation": {"angle": 0, "axis": "y", "origin": [8, 8, 8]},
			"faces": {
				"north": {"uv": [0.032, 0.032, 1, 2.8], "rotation": 90, "texture": "#3"},
				"east": {"uv": [0.032, 0.032, 1, 1], "rotation": 180, "texture": "#3"},
				"south": {"uv": [0.032, 0.032, 1, 2.8], "rotation": 270, "texture": "#3"},
				"west": {"uv": [0.032, 0.032, 1, 1], "texture": "#3"},
				"up": {"uv": [0.032, 0.032, 1, 2.8], "rotation": 270, "texture": "#3"},
				"down": {"uv": [0.032, 0.032, 1, 2.8], "rotation": 270, "texture": "#3"}
			}
		},
		{
			"from": [0.7, 0.7, 6.6],
			"to": [1.7, 1.7, 9.4],
			"rotation": {"angle": 0, "axis": "x", "origin": [8, 8, 8]},
			"faces": {
				"north": {"uv": [0.032, 0.032, 1, 0.968], "rotation": 180, "texture": "#3"},
				"east": {"uv": [0.032, 0.032, 0.968, 2.8], "rotation": 90, "texture": "#3"},
				"south": {"uv": [0.032, 0.032, 1, 0.968], "texture": "#3"},
				"west": {"uv": [0.032, 0.032, 0.968, 2.8], "rotation": 270, "texture": "#3"},
				"up": {"uv": [0.032, 0.032, 1, 2.8], "texture": "#3"},
				"down": {"uv": [0.032, 0.032, 1, 2.8], "rotation": 180, "texture": "#3"}
			}
		},
		{
			"from": [6.6, 0.7, 14.3],
			"to": [9.4, 1.7, 15.3],
			"rotation": {"angle": 0, "axis": "y", "origin": [8, 8, 8]},
			"faces": {
				"north": {"uv": [0.032, 0.032, 0.968, 2.8], "rotation": 90, "texture": "#3"},
				"east": {"uv": [0.032, 0.032, 1, 0.968], "texture": "#3"},
				"south": {"uv": [0.032, 0.032, 0.968, 2.8], "rotation": 270, "texture": "#3"},
				"west": {"uv": [0.032, 0.032, 1, 0.968], "rotation": 180, "texture": "#3"},
				"up": {"uv": [0.032, 0.032, 1, 2.8], "rotation": 270, "texture": "#3"},
				"down": {"uv": [0.032, 0.032, 1, 2.8], "rotation": 270, "texture": "#3"}
			}
		},
		{
			"from": [6.6, 0.7, 0.7],
			"to": [9.4, 1.7, 1.7],
			"rotation": {"angle": 0, "axis": "y", "origin": [8, 8, 8]},
			"faces": {
				"north": {"uv": [0.032, 0.032, 0.968, 2.8], "rotation": 270, "texture": "#3"},
				"east": {"uv": [0.032, 0.032, 1, 0.968], "rotation": 180, "texture": "#3"},
				"south": {"uv": [0.032, 0.032, 0.968, 2.8], "rotation": 90, "texture": "#3"},
				"west": {"uv": [0.032, 0.032, 1, 0.968], "texture": "#3"},
				"up": {"uv": [0.032, 0.032, 1, 2.8], "rotation": 90, "texture": "#3"},
				"down": {"uv": [0.032, 0.032, 1, 2.8], "rotation": 90, "texture": "#3"}
			}
		},
		{
			"from": [14.3, 6.6, 14.3],
			"to": [15.3, 9.4, 15.3],
			"rotation": {"angle": 0, "axis": "y", "origin": [8, 8, 8]},
			"faces": {
				"north": {"uv": [0.032, 0.032, 1, 2.8], "texture": "#3"},
				"east": {"uv": [0.032, 0.032, 1, 2.8], "texture": "#3"},
				"south": {"uv": [0.032, 0.032, 1, 2.8], "texture": "#3"},
				"west": {"uv": [0.032, 0.032, 1, 2.8], "texture": "#3"},
				"up": {"uv": [0.032, 0.032, 1, 1], "rotation": 180, "texture": "#3"},
				"down": {"uv": [0.032, 0.032, 1, 1], "rotation": 180, "texture": "#3"}
			}
		},
		{
			"from": [14.3, 6.6, 0.7],
			"to": [15.3, 9.4, 1.7],
			"rotation": {"angle": 0, "axis": "y", "origin": [8, 8, 8]},
			"faces": {
				"north": {"uv": [0.032, 0.032, 1, 2.8], "rotation": 180, "texture": "#3"},
				"east": {"uv": [0.032, 0.032, 1, 2.8], "rotation": 180, "texture": "#3"},
				"south": {"uv": [0.032, 0.032, 1, 2.8], "rotation": 180, "texture": "#3"},
				"west": {"uv": [0.032, 0.032, 1, 2.8], "rotation": 180, "texture": "#3"},
				"up": {"uv": [0.032, 0.032, 1, 1], "rotation": 180, "texture": "#3"},
				"down": {"uv": [0.032, 0.032, 1, 1], "rotation": 180, "texture": "#3"}
			}
		},
		{
			"from": [14.3, 14.3, 6.6],
			"to": [15.3, 15.3, 9.4],
			"rotation": {"angle": 0, "axis": "y", "origin": [8, 8, 8]},
			"faces": {
				"north": {"uv": [0.032, 0.032, 1, 1], "texture": "#3"},
				"east": {"uv": [0.032, 0.032, 1, 2.8], "rotation": 90, "texture": "#3"},
				"south": {"uv": [0.032, 0.032, 1, 1], "rotation": 180, "texture": "#3"},
				"west": {"uv": [0.032, 0.032, 1, 2.8], "rotation": 270, "texture": "#3"},
				"up": {"uv": [0.032, 0.032, 1, 2.8], "texture": "#3"},
				"down": {"uv": [0.032, 0.032, 1, 2.8], "rotation": 180, "texture": "#3"}
			}
		},
		{
			"from": [14.3, 0.7, 6.6],
			"to": [15.3, 1.7, 9.4],
			"rotation": {"angle": 0, "axis": "y", "origin": [8, 8, 8]},
			"faces": {
				"north": {"uv": [0.032, 0.032, 1, 0.968], "texture": "#3"},
				"east": {"uv": [0.032, 0.032, 0.968, 2.8], "rotation": 270, "texture": "#3"},
				"south": {"uv": [0.032, 0.032, 1, 0.968], "rotation": 180, "texture": "#3"},
				"west": {"uv": [0.032, 0.032, 0.968, 2.8], "rotation": 90, "texture": "#3"},
				"up": {"uv": [0.032, 0.032, 1, 2.8], "rotation": 180, "texture": "#3"},
				"down": {"uv": [0.032, 0.032, 1, 2.8], "texture": "#3"}
			}
		},
		{
			"name": "octagon",
			"from": [5.92893, 3, 0.8],
			"to": [10.07107, 4, 15.2],
			"rotation": {"angle": 22.5, "axis": "z", "origin": [8, 8, 14.7]},
			"faces": {
				"north": {"uv": [0.032, 0.032, 0.968, 0.968], "texture": "#4"},
				"south": {"uv": [0.032, 0.032, 0.968, 0.968], "texture": "#4"},
				"up": {"uv": [0.032, 0.032, 0.968, 0.968], "texture": "#4"},
				"down": {"uv": [0.032, 0.032, 0.968, 0.968], "texture": "#4"}
			}
		},
		{
			"name": "octagon",
			"from": [5.92893, 3, 0.8],
			"to": [10.07107, 4, 15.2],
			"rotation": {"angle": -22.5, "axis": "z", "origin": [8, 8, 14.7]},
			"faces": {
				"north": {"uv": [0.032, 0.032, 0.968, 0.968], "texture": "#4"},
				"south": {"uv": [0.032, 0.032, 0.968, 0.968], "texture": "#4"},
				"up": {"uv": [0.032, 0.032, 0.968, 0.968], "texture": "#4"},
				"down": {"uv": [0.032, 0.032, 0.968, 0.968], "texture": "#4"}
			}
		},
		{
			"name": "octagon",
			"from": [5.92893, 12, 0.8],
			"to": [10.07107, 13, 15.2],
			"rotation": {"angle": 22.5, "axis": "z", "origin": [8, 8, 14.7]},
			"faces": {
				"north": {"uv": [0.032, 0.032, 0.968, 0.968], "texture": "#4"},
				"south": {"uv": [0.032, 0.032, 0.968, 0.968], "texture": "#4"},
				"up": {"uv": [0.032, 0.032, 0.968, 0.968], "texture": "#4"},
				"down": {"uv": [0.032, 0.032, 0.968, 0.968], "texture": "#4"}
			}
		},
		{
			"name": "octagon",
			"from": [5.92893, 12, 0.8],
			"to": [10.07107, 13, 15.2],
			"rotation": {"angle": -22.5, "axis": "z", "origin": [8, 8, 14.7]},
			"faces": {
				"north": {"uv": [0.032, 0.032, 0.968, 0.968], "texture": "#4"},
				"south": {"uv": [0.032, 0.032, 0.968, 0.968], "texture": "#4"},
				"up": {"uv": [0.032, 0.032, 0.968, 0.968], "texture": "#4"},
				"down": {"uv": [0.032, 0.032, 0.968, 0.968], "texture": "#4"}
			}
		},
		{
			"name": "octagon",
			"from": [3, 5.92893, 0.8],
			"to": [4, 10.07107, 15.2],
			"rotation": {"angle": 22.5, "axis": "z", "origin": [8, 8, 14.7]},
			"faces": {
				"north": {"uv": [0.032, 0.032, 0.968, 0.968], "texture": "#4"},
				"east": {"uv": [0.032, 0.032, 0.968, 0.968], "texture": "#4"},
				"south": {"uv": [0.032, 0.032, 0.968, 0.968], "texture": "#4"},
				"west": {"uv": [0.032, 0.032, 0.968, 0.968], "texture": "#4"}
			}
		},
		{
			"name": "octagon",
			"from": [3, 5.92893, 0.8],
			"to": [4, 10.07107, 15.2],
			"rotation": {"angle": -22.5, "axis": "z", "origin": [8, 8, 14.7]},
			"faces": {
				"north": {"uv": [0.032, 0.032, 0.968, 0.968], "texture": "#4"},
				"east": {"uv": [0.032, 0.032, 0.968, 0.968], "texture": "#4"},
				"south": {"uv": [0.032, 0.032, 0.968, 0.968], "texture": "#4"},
				"west": {"uv": [0.032, 0.032, 0.968, 0.968], "texture": "#4"}
			}
		},
		{
			"name": "octagon",
			"from": [12, 5.92893, 0.8],
			"to": [13, 10.07107, 15.2],
			"rotation": {"angle": 22.5, "axis": "z", "origin": [8, 8, 14.7]},
			"faces": {
				"north": {"uv": [0.032, 0.032, 0.968, 0.968], "texture": "#4"},
				"east": {"uv": [0.032, 0.032, 0.968, 0.968], "texture": "#4"},
				"south": {"uv": [0.032, 0.032, 0.968, 0.968], "texture": "#4"},
				"west": {"uv": [0.032, 0.032, 0.968, 0.968], "texture": "#4"}
			}
		},
		{
			"name": "octagon",
			"from": [12, 5.92893, 0.8],
			"to": [13, 10.07107, 15.2],
			"rotation": {"angle": -22.5, "axis": "z", "origin": [8, 8, 14.7]},
			"faces": {
				"north": {"uv": [0.032, 0.032, 0.968, 0.968], "texture": "#4"},
				"east": {"uv": [0.032, 0.032, 0.968, 0.968], "texture": "#4"},
				"south": {"uv": [0.032, 0.032, 0.968, 0.968], "texture": "#4"},
				"west": {"uv": [0.032, 0.032, 0.968, 0.968], "texture": "#4"}
			}
		},
		{
			"name": "octagon",
			"from": [5.92893, 0.6, 3],
			"to": [10.07107, 15.2, 4],
			"rotation": {"angle": 22.5, "axis": "y", "origin": [8, 14.7, 8]},
			"faces": {
				"north": {"uv": [0.032, 0.032, 0.968, 0.968], "texture": "#4"},
				"south": {"uv": [0.032, 0.032, 0.968, 0.968], "texture": "#4"},
				"up": {"uv": [0.032, 0.032, 0.968, 0.968], "texture": "#4"},
				"down": {"uv": [0.032, 0.032, 0.968, 0.968], "texture": "#4"}
			}
		},
		{
			"name": "octagon",
			"from": [5.92893, 0.6, 3],
			"to": [10.07107, 15.2, 4],
			"rotation": {"angle": -22.5, "axis": "y", "origin": [8, 14.7, 8]},
			"faces": {
				"north": {"uv": [0.032, 0.032, 0.968, 0.968], "texture": "#4"},
				"south": {"uv": [0.032, 0.032, 0.968, 0.968], "texture": "#4"},
				"up": {"uv": [0.032, 0.032, 0.968, 0.968], "texture": "#4"},
				"down": {"uv": [0.032, 0.032, 0.968, 0.968], "texture": "#4"}
			}
		},
		{
			"name": "octagon",
			"from": [5.92893, 0.6, 12],
			"to": [10.07107, 15.2, 13],
			"rotation": {"angle": 22.5, "axis": "y", "origin": [8, 14.7, 8]},
			"faces": {
				"north": {"uv": [0.032, 0.032, 0.968, 0.968], "texture": "#4"},
				"south": {"uv": [0.032, 0.032, 0.968, 0.968], "texture": "#4"},
				"up": {"uv": [0.032, 0.032, 0.968, 0.968], "texture": "#4"},
				"down": {"uv": [0.032, 0.032, 0.968, 0.968], "texture": "#4"}
			}
		},
		{
			"name": "octagon",
			"from": [5.92893, 0.6, 12],
			"to": [10.07107, 15.2, 13],
			"rotation": {"angle": -22.5, "axis": "y", "origin": [8, 14.7, 8]},
			"faces": {
				"north": {"uv": [0.032, 0.032, 0.968, 0.968], "texture": "#4"},
				"south": {"uv": [0.032, 0.032, 0.968, 0.968], "texture": "#4"},
				"up": {"uv": [0.032, 0.032, 0.968, 0.968], "texture": "#4"},
				"down": {"uv": [0.032, 0.032, 0.968, 0.968], "texture": "#4"}
			}
		},
		{
			"name": "octagon",
			"from": [3, 0.6, 5.92893],
			"to": [4, 15.2, 10.07107],
			"rotation": {"angle": 22.5, "axis": "y", "origin": [8, 14.7, 8]},
			"faces": {
				"east": {"uv": [0.032, 0.032, 0.968, 0.968], "texture": "#4"},
				"west": {"uv": [0.032, 0.032, 0.968, 0.968], "texture": "#4"},
				"up": {"uv": [0.032, 0.032, 0.968, 0.968], "texture": "#4"},
				"down": {"uv": [0.032, 0.032, 0.968, 0.968], "texture": "#4"}
			}
		},
		{
			"name": "octagon",
			"from": [3, 0.6, 5.92893],
			"to": [4, 15.2, 10.07107],
			"rotation": {"angle": -22.5, "axis": "y", "origin": [8, 14.7, 8]},
			"faces": {
				"east": {"uv": [0.032, 0.032, 0.968, 0.968], "texture": "#4"},
				"west": {"uv": [0.032, 0.032, 0.968, 0.968], "texture": "#4"},
				"up": {"uv": [0.032, 0.032, 0.968, 0.968], "texture": "#4"},
				"down": {"uv": [0.032, 0.032, 0.968, 0.968], "texture": "#4"}
			}
		},
		{
			"name": "octagon",
			"from": [12, 0.6, 5.92893],
			"to": [13, 15.2, 10.07107],
			"rotation": {"angle": 22.5, "axis": "y", "origin": [8, 14.7, 8]},
			"faces": {
				"east": {"uv": [0.032, 0.032, 0.968, 0.968], "texture": "#4"},
				"west": {"uv": [0.032, 0.032, 0.968, 0.968], "texture": "#4"},
				"up": {"uv": [0.032, 0.032, 0.968, 0.968], "texture": "#4"},
				"down": {"uv": [0.032, 0.032, 0.968, 0.968], "texture": "#4"}
			}
		},
		{
			"name": "octagon",
			"from": [12, 0.6, 5.92893],
			"to": [13, 15.2, 10.07107],
			"rotation": {"angle": -22.5, "axis": "y", "origin": [8, 14.7, 8]},
			"faces": {
				"east": {"uv": [0.032, 0.032, 0.968, 0.968], "texture": "#4"},
				"west": {"uv": [0.032, 0.032, 0.968, 0.968], "texture": "#4"},
				"up": {"uv": [0.032, 0.032, 0.968, 0.968], "texture": "#4"},
				"down": {"uv": [0.032, 0.032, 0.968, 0.968], "texture": "#4"}
			}
		},
		{
			"name": "octagon",
			"from": [0.8, 12, 5.92893],
			"to": [15.2, 13, 10.07107],
			"rotation": {"angle": -22.5, "axis": "x", "origin": [1.3, 8, 8]},
			"faces": {
				"east": {"uv": [0.032, 0.032, 0.968, 0.968], "texture": "#4"},
				"west": {"uv": [0.032, 0.032, 0.968, 0.968], "texture": "#4"},
				"up": {"uv": [0.032, 0.032, 0.968, 0.968], "texture": "#4"},
				"down": {"uv": [0.032, 0.032, 0.968, 0.968], "texture": "#4"}
			}
		},
		{
			"name": "octagon",
			"from": [0.8, 12, 5.92893],
			"to": [15.2, 13, 10.07107],
			"rotation": {"angle": 22.5, "axis": "x", "origin": [1.3, 8, 8]},
			"faces": {
				"east": {"uv": [0.032, 0.032, 0.968, 0.968], "texture": "#4"},
				"west": {"uv": [0.032, 0.032, 0.968, 0.968], "texture": "#4"},
				"up": {"uv": [0.032, 0.032, 0.968, 0.968], "texture": "#4"},
				"down": {"uv": [0.032, 0.032, 0.968, 0.968], "texture": "#4"}
			}
		},
		{
			"name": "octagon",
			"from": [0.8, 3, 5.92893],
			"to": [15.2, 4, 10.07107],
			"rotation": {"angle": -22.5, "axis": "x", "origin": [1.3, 8, 8]},
			"faces": {
				"east": {"uv": [0.032, 0.032, 0.968, 0.968], "texture": "#4"},
				"west": {"uv": [0.032, 0.032, 0.968, 0.968], "texture": "#4"},
				"up": {"uv": [0.032, 0.032, 0.968, 0.968], "texture": "#4"},
				"down": {"uv": [0.032, 0.032, 0.968, 0.968], "texture": "#4"}
			}
		},
		{
			"name": "octagon",
			"from": [0.8, 3, 5.92893],
			"to": [15.2, 4, 10.07107],
			"rotation": {"angle": 22.5, "axis": "x", "origin": [1.3, 8, 8]},
			"faces": {
				"east": {"uv": [0.032, 0.032, 0.968, 0.968], "texture": "#4"},
				"west": {"uv": [0.032, 0.032, 0.968, 0.968], "texture": "#4"},
				"up": {"uv": [0.032, 0.032, 0.968, 0.968], "texture": "#4"},
				"down": {"uv": [0.032, 0.032, 0.968, 0.968], "texture": "#4"}
			}
		},
		{
			"name": "octagon",
			"from": [0.8, 5.92893, 12],
			"to": [15.2, 10.07107, 13],
			"rotation": {"angle": -22.5, "axis": "x", "origin": [1.3, 8, 8]},
			"faces": {
				"north": {"uv": [0.032, 0.032, 0.968, 0.968], "texture": "#4"},
				"east": {"uv": [0.032, 0.032, 0.968, 0.968], "texture": "#4"},
				"south": {"uv": [0.032, 0.032, 0.968, 0.968], "texture": "#4"},
				"west": {"uv": [0.032, 0.032, 0.968, 0.968], "texture": "#4"}
			}
		},
		{
			"name": "octagon",
			"from": [0.8, 5.92893, 12],
			"to": [15.2, 10.07107, 13],
			"rotation": {"angle": 22.5, "axis": "x", "origin": [1.3, 8, 8]},
			"faces": {
				"north": {"uv": [0.032, 0.032, 0.968, 0.968], "texture": "#4"},
				"east": {"uv": [0.032, 0.032, 0.968, 0.968], "texture": "#4"},
				"south": {"uv": [0.032, 0.032, 0.968, 0.968], "texture": "#4"},
				"west": {"uv": [0.032, 0.032, 0.968, 0.968], "texture": "#4"}
			}
		},
		{
			"name": "octagon",
			"from": [0.8, 5.92893, 3],
			"to": [15.2, 10.07107, 4],
			"rotation": {"angle": -22.5, "axis": "x", "origin": [1.3, 8, 8]},
			"faces": {
				"north": {"uv": [0.032, 0.032, 0.968, 0.968], "texture": "#4"},
				"east": {"uv": [0.032, 0.032, 0.968, 0.968], "texture": "#4"},
				"south": {"uv": [0.032, 0.032, 0.968, 0.968], "texture": "#4"},
				"west": {"uv": [0.032, 0.032, 0.968, 0.968], "texture": "#4"}
			}
		},
		{
			"name": "octagon",
			"from": [0.8, 5.92893, 3],
			"to": [15.2, 10.07107, 4],
			"rotation": {"angle": 22.5, "axis": "x", "origin": [1.3, 8, 8]},
			"faces": {
				"north": {"uv": [0.032, 0.032, 0.968, 0.968], "texture": "#4"},
				"east": {"uv": [0.032, 0.032, 0.968, 0.968], "texture": "#4"},
				"south": {"uv": [0.032, 0.032, 0.968, 0.968], "texture": "#4"},
				"west": {"uv": [0.032, 0.032, 0.968, 0.968], "texture": "#4"}
			}
		},
		{
			"name": "octagon",
			"from": [6.92304, 5.4, 0.765],
			"to": [9.07696, 10.6, 15.235],
			"rotation": {"angle": 22.5, "axis": "z", "origin": [8, 8, 8]},
			"faces": {
				"north": {"uv": [0.032, 0.032, 0.968, 0.968], "texture": "#5"},
				"south": {"uv": [0.032, 0.032, 0.968, 0.968], "texture": "#5"},
				"up": {"uv": [0.032, 0.032, 0.968, 0.968], "texture": "#5"},
				"down": {"uv": [0.032, 0.032, 0.968, 0.968], "texture": "#5"}
			}
		},
		{
			"name": "octagon",
			"from": [6.92304, 5.4, 0.765],
			"to": [9.07696, 10.6, 15.235],
			"rotation": {"angle": -22.5, "axis": "z", "origin": [8, 8, 8]},
			"faces": {
				"north": {"uv": [0.032, 0.032, 0.968, 0.968], "texture": "#5"},
				"south": {"uv": [0.032, 0.032, 0.968, 0.968], "texture": "#5"},
				"up": {"uv": [0.032, 0.032, 0.968, 0.968], "texture": "#5"},
				"down": {"uv": [0.032, 0.032, 0.968, 0.968], "texture": "#5"}
			}
		},
		{
			"name": "octagon",
			"from": [5.4, 6.92304, 0.765],
			"to": [10.6, 9.07696, 15.235],
			"rotation": {"angle": 22.5, "axis": "z", "origin": [8, 8, 8]},
			"faces": {
				"north": {"uv": [0.032, 0.032, 0.968, 0.968], "texture": "#5"},
				"east": {"uv": [0.032, 0.032, 0.968, 0.968], "texture": "#5"},
				"south": {"uv": [0.032, 0.032, 0.968, 0.968], "texture": "#5"},
				"west": {"uv": [0.032, 0.032, 0.968, 0.968], "texture": "#5"}
			}
		},
		{
			"name": "octagon",
			"from": [5.4, 6.92304, 0.765],
			"to": [10.6, 9.07696, 15.235],
			"rotation": {"angle": -22.5, "axis": "z", "origin": [8, 8, 8]},
			"faces": {
				"north": {"uv": [0.032, 0.032, 0.968, 0.968], "texture": "#5"},
				"east": {"uv": [0.032, 0.032, 0.968, 0.968], "texture": "#5"},
				"south": {"uv": [0.032, 0.032, 0.968, 0.968], "texture": "#5"},
				"west": {"uv": [0.032, 0.032, 0.968, 0.968], "texture": "#5"}
			}
		},
		{
			"name": "octagon",
			"from": [0.765, 5.4, 6.92304],
			"to": [15.235, 10.6, 9.07696],
			"rotation": {"angle": 22.5, "axis": "x", "origin": [16.71, 8, 8]},
			"faces": {
				"east": {"uv": [0.032, 0.032, 0.968, 0.968], "texture": "#5"},
				"west": {"uv": [0.032, 0.032, 0.968, 0.968], "texture": "#5"},
				"up": {"uv": [0.032, 0.032, 0.968, 0.968], "texture": "#5"},
				"down": {"uv": [0.032, 0.032, 0.968, 0.968], "texture": "#5"}
			}
		},
		{
			"name": "octagon",
			"from": [0.765, 6.92304, 5.4],
			"to": [15.235, 9.07696, 10.6],
			"rotation": {"angle": -22.5, "axis": "x", "origin": [16.71, 8, 8]},
			"faces": {
				"north": {"uv": [0.032, 0.032, 0.968, 0.968], "rotation": 180, "texture": "#5"},
				"east": {"uv": [0.032, 0.032, 0.968, 0.968], "rotation": 270, "texture": "#5"},
				"south": {"uv": [0.032, 0.032, 0.968, 0.968], "texture": "#5"},
				"west": {"uv": [0.032, 0.032, 0.968, 0.968], "rotation": 90, "texture": "#5"}
			}
		},
		{
			"name": "octagon",
			"from": [0.765, 6.92304, 5.4],
			"to": [15.235, 9.07696, 10.6],
			"rotation": {"angle": 22.5, "axis": "x", "origin": [16.71, 8, 8]},
			"faces": {
				"north": {"uv": [0.032, 0.032, 0.968, 0.968], "texture": "#5"},
				"east": {"uv": [0.032, 0.032, 0.968, 0.968], "texture": "#5"},
				"south": {"uv": [0.032, 0.032, 0.968, 0.968], "texture": "#5"},
				"west": {"uv": [0.032, 0.032, 0.968, 0.968], "texture": "#5"}
			}
		},
		{
			"name": "octagon",
			"from": [0.765, 5.4, 6.92304],
			"to": [15.235, 10.6, 9.07696],
			"rotation": {"angle": -22.5, "axis": "x", "origin": [16.71, 8, 8]},
			"faces": {
				"east": {"uv": [0.032, 0.032, 0.968, 0.968], "rotation": 270, "texture": "#5"},
				"west": {"uv": [0.032, 0.032, 0.968, 0.968], "rotation": 90, "texture": "#5"},
				"up": {"uv": [0.032, 0.032, 0.968, 0.968], "rotation": 180, "texture": "#5"},
				"down": {"uv": [0.032, 0.032, 0.968, 0.968], "texture": "#5"}
			}
		},
		{
			"name": "octagon",
			"from": [5.4, 0.79, 6.92304],
			"to": [10.6, 15.21, 9.07696],
			"rotation": {"angle": -22.5, "axis": "y", "origin": [8, 8, 8]},
			"faces": {
				"east": {"uv": [0.032, 0.032, 0.968, 0.968], "texture": "#5"},
				"west": {"uv": [0.032, 0.032, 0.968, 0.968], "texture": "#5"},
				"up": {"uv": [0.032, 0.032, 0.968, 0.968], "texture": "#5"},
				"down": {"uv": [0.032, 0.032, 0.968, 0.968], "texture": "#5"}
			}
		},
		{
			"name": "octagon",
			"from": [5.4, 0.79, 6.92304],
			"to": [10.6, 15.21, 9.07696],
			"rotation": {"angle": 22.5, "axis": "y", "origin": [8, 8, 8]},
			"faces": {
				"east": {"uv": [0.032, 0.032, 0.968, 0.968], "texture": "#5"},
				"west": {"uv": [0.032, 0.032, 0.968, 0.968], "texture": "#5"},
				"up": {"uv": [0.032, 0.032, 0.968, 0.968], "texture": "#5"},
				"down": {"uv": [0.032, 0.032, 0.968, 0.968], "texture": "#5"}
			}
		},
		{
			"name": "octagon",
			"from": [6.92304, 0.79, 5.4],
			"to": [9.07696, 15.21, 10.6],
			"rotation": {"angle": -22.5, "axis": "y", "origin": [8, 8, 8]},
			"faces": {
				"north": {"uv": [0.032, 0.032, 0.968, 0.968], "texture": "#5"},
				"south": {"uv": [0.032, 0.032, 0.968, 0.968], "texture": "#5"},
				"up": {"uv": [0.032, 0.032, 0.968, 0.968], "texture": "#5"},
				"down": {"uv": [0.032, 0.032, 0.968, 0.968], "texture": "#5"}
			}
		},
		{
			"name": "octagon",
			"from": [6.92304, 0.79, 5.4],
			"to": [9.07696, 15.21, 10.6],
			"rotation": {"angle": 22.5, "axis": "y", "origin": [8, 8, 8]},
			"faces": {
				"north": {"uv": [0.032, 0.032, 0.968, 0.968], "texture": "#5"},
				"south": {"uv": [0.032, 0.032, 0.968, 0.968], "texture": "#5"},
				"up": {"uv": [0.032, 0.032, 0.968, 0.968], "texture": "#5"},
				"down": {"uv": [0.032, 0.032, 0.968, 0.968], "texture": "#5"}
			}
		},
		{
			"from": [6.0625, 6.0625, 0.7375],
			"to": [9.9375, 9.9375, 15.2625],
			"rotation": {"angle": 0, "axis": "z", "origin": [8, 8, 8]},
			"faces": {
				"north": {"uv": [4, 4, 12, 12], "texture": "#5"},
				"south": {"uv": [4, 4, 12, 12], "texture": "#5"}
			}
		},
		{
			"from": [0.7375, 6.0625, 6.0625],
			"to": [15.2625, 9.9375, 9.9375],
			"rotation": {"angle": 0, "axis": "x", "origin": [8, 8, 8]},
			"faces": {
				"east": {"uv": [4, 4, 12, 12], "texture": "#5"},
				"west": {"uv": [4, 4, 12, 12], "texture": "#5"}
			}
		},
		{
			"from": [6.0625, 0.7375, 6.0625],
			"to": [9.9375, 15.2625, 9.9375],
			"rotation": {"angle": 0, "axis": "y", "origin": [8, 8, 8]},
			"faces": {
				"up": {"uv": [4, 4, 12, 12], "rotation": 180, "texture": "#5"},
				"down": {"uv": [4, 4, 12, 12], "rotation": 180, "texture": "#5"}
			}
		}
	],
	"display": {
		"thirdperson_righthand": {
			"rotation": [75, 45, 0],
			"translation": [0, 2.5, 0],
			"scale": [0.27, 0.27, 0.27]
		},
		"thirdperson_lefthand": {
			"rotation": [75, 45, 0],
			"translation": [0, 2.5, 0],
			"scale": [0.27, 0.27, 0.27]
		},
		"firstperson_righthand": {
			"rotation": [0, 45, 0],
			"scale": [0.4, 0.4, 0.4]
		},
		"firstperson_lefthand": {
			"rotation": [0, 225, 0],
			"scale": [0.4, 0.4, 0.4]
		},
		"ground": {
			"translation": [0, 3, 0],
			"scale": [0.25, 0.25, 0.25]
		},
		"gui": {
			"rotation": [30, 225, 0],
			"scale": [0.625, 0.625, 0.625]
		},
		"head": {
			"scale": [1.2, 1.2, 1.2]
		},
		"fixed": {
			"scale": [0.5, 0.5, 0.5]
		}
	},
	"groups": [
		0,
		1,
		{
			"name": "Corners1",
			"origin": [8, 8, 8],
			"color": 0,
			"nbt": "{}",
			"children": [2, 3, 4, 5, 6, 7, 8, 9]
		},
		{
			"name": "Corners2",
			"origin": [8, 8, 8],
			"color": 0,
			"nbt": "{}",
			"children": [10, 11, 12, 13, 14, 15, 16, 17, 18, 19, 20, 21, 22, 23, 24, 25, 26, 27, 28, 29, 30, 31, 32, 33]
		},
		{
			"name": "Edges",
			"origin": [8, 8, 8],
			"color": 0,
			"nbt": "{}",
			"children": [34, 35, 36, 37, 38, 39, 40, 41, 42, 43, 44, 45]
		},
		{
			"name": "MiddleOuter",
			"origin": [8, 8, 8],
			"color": 0,
			"nbt": "{}",
			"children": [46, 47, 48, 49, 50, 51, 52, 53, 54, 55, 56, 57, 58, 59, 60, 61, 62, 63, 64, 65, 66, 67, 68, 69]
		},
		{
			"name": "MiddleInner",
			"origin": [8, 8, 8],
			"color": 0,
			"nbt": "{}",
			"children": [70, 71, 72, 73, 74, 75, 76, 77, 78, 79, 80, 81]
		},
		{
			"name": "Logo",
			"origin": [8, 8, 8],
			"color": 0,
			"nbt": "{}",
			"children": [82, 83, 84]
		}
	]
}