{
	"credit": "Made with Blockbench",
	"textures": {
		"0": "portal_gun:cube/cube_glass",
		"1": "portal_gun:cube/reflection_cube_shell",
		"2": "portal_gun:cube/metal_lighter",
		"3": "portal_gun:cube/cube_outer_shell",
		"particle": "portal_gun:cube/cube_glass"
	},
	"elements": [
		{
			"from": [2.8, 13.975, 2.8],
			"to": [13.2, 14, 13.2],
			"rotation": {"angle": 0, "axis": "y", "origin": [8, 7, 8]},
			"faces": {
				"up": {"uv": [0, 0, 16, 16], "rotation": 270, "texture": "#0"},
				"down": {"uv": [16, 0, 0, 16], "rotation": 270, "texture": "#0"}
			}
		},
		{
			"from": [2, 2.8, 2.8],
			"to": [2.025, 13.2, 13.2],
			"rotation": {"angle": 0, "axis": "y", "origin": [9, 8, 8]},
			"faces": {
				"east": {"uv": [16, 0, 0, 16], "texture": "#0"},
				"west": {"uv": [0, 0, 16, 16], "texture": "#0"}
			}
		},
		{
			"from": [2.8, 2.8, 13.975],
			"to": [13.2, 13.2, 14],
			"rotation": {"angle": 0, "axis": "y", "origin": [8, 8, 8]},
			"faces": {
				"north": {"uv": [16, 0, 0, 16], "texture": "#0"},
				"south": {"uv": [0, 0, 16, 16], "texture": "#0"}
			}
		},
		{
			"from": [4.5, 4.5, 0],
			"to": [11.5, 11.5, 0.025],
			"rotation": {"angle": 0, "axis": "y", "origin": [8, 8, 8]},
			"faces": {
				"north": {"uv": [0, 0, 16, 16], "texture": "#0"},
				"south": {"uv": [16, 0, 0, 16], "texture": "#0"}
			}
		},
		{
			"from": [13.975, 2.8, 2.8],
			"to": [14, 13.2, 13.2],
			"rotation": {"angle": 0, "axis": "y", "origin": [7, 8, 8]},
			"faces": {
				"east": {"uv": [0, 0, 16, 16], "texture": "#0"},
				"west": {"uv": [16, 0, 0, 16], "texture": "#0"}
			}
		},
		{
			"from": [2.8, 2, 2.8],
			"to": [13.2, 2.025, 13.2],
			"rotation": {"angle": 0, "axis": "y", "origin": [8, 9, 8]},
			"faces": {
				"up": {"uv": [16, 0, 0, 16], "rotation": 270, "texture": "#0"},
				"down": {"uv": [0, 0, 16, 16], "rotation": 270, "texture": "#0"}
			}
		},
		{
			"from": [0.9, 0.9, 0.7],
			"to": [15.1, 15.1, 0.8],
			"rotation": {"angle": 0, "axis": "y", "origin": [8, 8, 8]},
			"faces": {
				"north": {"uv": [0, 0, 16, 16], "texture": "#1"},
				"east": {"uv": [0, 0, 0.35, 16], "texture": "#1"},
				"south": {"uv": [0, 0, 16, 16], "texture": "#1"},
				"west": {"uv": [0, 0, 0.35, 16], "texture": "#1"},
				"up": {"uv": [0, 0, 16, 0.225], "texture": "#1"},
				"down": {"uv": [0, 0, 16, 0.225], "texture": "#1"}
			}
		},
		{
			"from": [0.9, 0.9, 15.2],
			"to": [15.1, 15.1, 15.3],
			"rotation": {"angle": 0, "axis": "y", "origin": [8, 8, 8]},
			"faces": {
				"north": {"uv": [0, 0, 16, 16], "texture": "#1"},
				"east": {"uv": [0, 0, 0.225, 16], "texture": "#1"},
				"south": {"uv": [0, 0, 16, 16], "texture": "#1"},
				"west": {"uv": [0, 0, 0.225, 16], "texture": "#1"},
				"up": {"uv": [0, 0, 15.975, 0.35], "texture": "#1"},
				"down": {"uv": [0, 0, 15.975, 0.35], "texture": "#1"}
			}
		},
		{
			"from": [15.2, 0.9, 0.9],
			"to": [15.3, 15.1, 15.1],
			"rotation": {"angle": 0, "axis": "y", "origin": [8, 8, 8]},
			"faces": {
				"north": {"uv": [0, 0, 0.1, 16], "texture": "#1"},
				"east": {"uv": [0, 0, 16, 16], "texture": "#1"},
				"south": {"uv": [0, 0, 0.1, 16], "texture": "#1"},
				"west": {"uv": [0, 0, 16, 16], "texture": "#1"},
				"up": {"uv": [0, 0, 16, 0.35], "rotation": 90, "texture": "#1"},
				"down": {"uv": [0, 0, 16, 0.35], "rotation": 270, "texture": "#1"}
			}
		},
		{
			"from": [0.7, 0.9, 0.9],
			"to": [0.8, 15.1, 15.1],
			"rotation": {"angle": 0, "axis": "y", "origin": [8, 8, 8]},
			"faces": {
				"north": {"uv": [0, 0, 0.35, 16], "texture": "#1"},
				"east": {"uv": [0, 0, 16, 16], "texture": "#1"},
				"south": {"uv": [0, 0, 0.35, 16], "texture": "#1"},
				"west": {"uv": [0, 0, 16, 16], "texture": "#1"},
				"up": {"uv": [0, 0, 16, 0.225], "rotation": 90, "texture": "#1"},
				"down": {"uv": [0, 0, 16, 0.225], "rotation": 270, "texture": "#1"}
			}
		},
		{
			"from": [0.9, 0.7, 0.9],
			"to": [15.1, 0.8, 15.1],
			"rotation": {"angle": 0, "axis": "y", "origin": [8, 8, 8]},
			"faces": {
				"north": {"uv": [0, 0, 16, 0.35], "rotation": 180, "texture": "#1"},
				"east": {"uv": [0, 0, 0.225, 16], "rotation": 90, "texture": "#1"},
				"south": {"uv": [0, 0, 16, 0.35], "texture": "#1"},
				"west": {"uv": [0, 0, 0.225, 16], "rotation": 270, "texture": "#1"},
				"up": {"uv": [0, 0, 16, 16], "texture": "#1"},
				"down": {"uv": [0, 0, 16, 16], "rotation": 180, "texture": "#1"}
			}
		},
		{
			"from": [0.9, 15.2, 0.9],
			"to": [15.1, 15.3, 15.1],
			"rotation": {"angle": 0, "axis": "y", "origin": [8, 8, 8]},
			"faces": {
				"north": {"uv": [0, 0, 16, 0.35], "rotation": 180, "texture": "#1"},
				"east": {"uv": [0, 0, 0.35, 16], "rotation": 90, "texture": "#1"},
				"south": {"uv": [0, 0, 16, 0.35], "texture": "#1"},
				"west": {"uv": [0, 0, 0.35, 16], "rotation": 270, "texture": "#1"},
				"up": {"uv": [0, 0, 16, 16], "texture": "#1"},
				"down": {"uv": [0, 0, 16, 16], "rotation": 180, "texture": "#1"}
			}
		},
		{
			"from": [7.50538, 15.8, 7.40538],
			"to": [8.50538, 17.7, 8.60538],
			"rotation": {"angle": -45, "axis": "x", "origin": [8.00538, 8, 8.00538]},
			"faces": {
				"north": {"uv": [0, 0, 1.9, 1], "rotation": 90, "texture": "#2"},
				"south": {"uv": [0, 0, 1.9, 1], "rotation": 270, "texture": "#2"},
				"up": {"uv": [0, 0, 1.2, 1], "rotation": 270, "texture": "#2"},
				"down": {"uv": [0, 0, 1.2, 1], "rotation": 270, "texture": "#2"}
			}
		},
		{
			"from": [7.50538, 7.4, -1.69462],
			"to": [8.50538, 8.6, 0.20538],
			"rotation": {"angle": -45, "axis": "x", "origin": [8.00538, 8, 8.00538]},
			"faces": {
				"north": {"uv": [0, 0, 1.2, 1], "rotation": 90, "texture": "#2"},
				"south": {"uv": [0, 0, 1.2, 1], "rotation": 270, "texture": "#2"},
				"up": {"uv": [0, 0, 1.9, 1], "rotation": 270, "texture": "#2"},
				"down": {"uv": [0, 0, 1.9, 1], "rotation": 270, "texture": "#2"}
			}
		},
		{
			"from": [7.50538, -1.7, 7.40538],
			"to": [8.50538, 0.2, 8.60538],
			"rotation": {"angle": -45, "axis": "x", "origin": [8.00538, 8, 8.00538]},
			"faces": {
				"north": {"uv": [0, 0, 1.9, 1], "rotation": 90, "texture": "#2"},
				"south": {"uv": [0, 0, 1.9, 1], "rotation": 270, "texture": "#2"},
				"up": {"uv": [0, 0, 1.2, 1], "rotation": 270, "texture": "#2"},
				"down": {"uv": [0, 0, 1.2, 1], "rotation": 270, "texture": "#2"}
			}
		},
		{
			"from": [7.50538, 7.4, 15.80538],
			"to": [8.50538, 8.6, 17.70538],
			"rotation": {"angle": -45, "axis": "x", "origin": [8.00538, 8, 8.00538]},
			"faces": {
				"north": {"uv": [0, 0, 1.2, 1], "rotation": 90, "texture": "#2"},
				"south": {"uv": [0, 0, 1.2, 1], "rotation": 270, "texture": "#2"},
				"up": {"uv": [0, 0, 1.9, 1], "rotation": 270, "texture": "#2"},
				"down": {"uv": [0, 0, 1.9, 1], "rotation": 270, "texture": "#2"}
			}
		},
		{
			"from": [15.80538, 7.4, 7.50538],
			"to": [17.70538, 8.6, 8.50538],
			"rotation": {"angle": -45, "axis": "z", "origin": [8.00538, 8, 8.00538]},
			"faces": {
				"east": {"uv": [0, 0, 1.2, 1], "rotation": 270, "texture": "#2"},
				"west": {"uv": [0, 0, 1.2, 1], "rotation": 90, "texture": "#2"},
				"up": {"uv": [0, 0, 1.9, 1], "rotation": 180, "texture": "#2"},
				"down": {"uv": [0, 0, 1.9, 1], "texture": "#2"}
			}
		},
		{
			"from": [7.40538, -1.7, 7.50538],
			"to": [8.60538, 0.2, 8.50538],
			"rotation": {"angle": -45, "axis": "z", "origin": [8.00538, 8, 8.00538]},
			"faces": {
				"east": {"uv": [0, 0, 1.9, 1], "rotation": 270, "texture": "#2"},
				"west": {"uv": [0, 0, 1.9, 1], "rotation": 90, "texture": "#2"},
				"up": {"uv": [0, 0, 1.2, 1], "rotation": 180, "texture": "#2"},
				"down": {"uv": [0, 0, 1.2, 1], "texture": "#2"}
			}
		},
		{
			"from": [7.40538, 15.8, 7.50538],
			"to": [8.60538, 17.7, 8.50538],
			"rotation": {"angle": -45, "axis": "z", "origin": [8.00538, 8, 8.00538]},
			"faces": {
				"east": {"uv": [0, 0, 1.9, 1], "rotation": 270, "texture": "#2"},
				"west": {"uv": [0, 0, 1.9, 1], "rotation": 90, "texture": "#2"},
				"up": {"uv": [0, 0, 1.2, 1], "rotation": 180, "texture": "#2"},
				"down": {"uv": [0, 0, 1.2, 1], "texture": "#2"}
			}
		},
		{
			"from": [-1.69462, 7.4, 7.50538],
			"to": [0.20538, 8.6, 8.50538],
			"rotation": {"angle": -45, "axis": "z", "origin": [8.00538, 8, 8.00538]},
			"faces": {
				"east": {"uv": [0, 0, 1.2, 1], "rotation": 270, "texture": "#2"},
				"west": {"uv": [0, 0, 1.2, 1], "rotation": 90, "texture": "#2"},
				"up": {"uv": [0, 0, 1.9, 1], "rotation": 180, "texture": "#2"},
				"down": {"uv": [0, 0, 1.9, 1], "texture": "#2"}
			}
		},
		{
			"from": [7.40538, 7.5, -1.69462],
			"to": [8.60538, 8.5, 0.20538],
			"rotation": {"angle": 45, "axis": "y", "origin": [8.00538, 8, 8.00538]},
			"faces": {
				"north": {"uv": [0, 0, 1.2, 1], "texture": "#2"},
				"east": {"uv": [0, 0, 1.9, 1], "texture": "#2"},
				"south": {"uv": [0, 0, 1.2, 1], "texture": "#2"},
				"west": {"uv": [0, 0, 1.9, 1], "texture": "#2"}
			}
		},
		{
			"from": [15.80538, 7.5, 7.40538],
			"to": [17.70538, 8.5, 8.60538],
			"rotation": {"angle": 45, "axis": "y", "origin": [8.00538, 8, 8.00538]},
			"faces": {
				"north": {"uv": [0, 0, 1.9, 1], "texture": "#2"},
				"east": {"uv": [0, 0, 1.2, 1], "texture": "#2"},
				"south": {"uv": [0, 0, 1.9, 1], "texture": "#2"},
				"west": {"uv": [0, 0, 1.2, 1], "texture": "#2"}
			}
		},
		{
			"from": [-1.69462, 7.5, 7.40538],
			"to": [0.20538, 8.5, 8.60538],
			"rotation": {"angle": 45, "axis": "y", "origin": [8.00538, 8, 8.00538]},
			"faces": {
				"north": {"uv": [0, 0, 1.9, 1], "texture": "#2"},
				"east": {"uv": [0, 0, 1.2, 1], "texture": "#2"},
				"south": {"uv": [0, 0, 1.9, 1], "texture": "#2"},
				"west": {"uv": [0, 0, 1.2, 1], "texture": "#2"}
			}
		},
		{
			"from": [7.40538, 7.5, 15.80538],
			"to": [8.60538, 8.5, 17.70538],
			"rotation": {"angle": 45, "axis": "y", "origin": [8.00538, 8, 8.00538]},
			"faces": {
				"north": {"uv": [0, 0, 1.2, 1], "texture": "#2"},
				"east": {"uv": [0, 0, 1.9, 1], "texture": "#2"},
				"south": {"uv": [0, 0, 1.2, 1], "texture": "#2"},
				"west": {"uv": [0, 0, 1.9, 1], "texture": "#2"}
			}
		},
		{
			"name": "Holder_A_1",
			"from": [7.80538, 2.46282, 2.2182],
			"to": [8.20538, 4.56282, 2.4182],
			"rotation": {"angle": 0, "axis": "y", "origin": [8, 8, 8]},
			"faces": {
				"north": {"uv": [0, 0, 2.1, 0.4], "rotation": 90, "texture": "#2"},
				"east": {"uv": [0, 0, 0.2, 2.1], "texture": "#2"},
				"south": {"uv": [0, 0, 2.1, 0.4], "rotation": 270, "texture": "#2"},
				"west": {"uv": [0, 0, 0.2, 2.1], "rotation": 180, "texture": "#2"},
				"up": {"uv": [0, 0, 0.2, 0.4], "rotation": 270, "texture": "#2"},
				"down": {"uv": [0, 0, 0.2, 0.4], "rotation": 270, "texture": "#2"}
			}
		},
		{
			"name": "Holder_B_1",
			"from": [7.80538, 4.41282, -0.0318],
			"to": [8.20538, 4.61282, 2.3682],
			"rotation": {"angle": 0, "axis": "y", "origin": [8, 8, 8]},
			"faces": {
				"north": {"uv": [0, 0, 0.2, 0.4], "rotation": 90, "texture": "#2"},
				"east": {"uv": [0, 0, 0.2, 2.4], "rotation": 270, "texture": "#2"},
				"south": {"uv": [0, 0, 0.2, 0.4], "rotation": 270, "texture": "#2"},
				"west": {"uv": [0, 0, 0.2, 2.4], "rotation": 270, "texture": "#2"},
				"up": {"uv": [0, 0, 2.4, 0.4], "rotation": 270, "texture": "#2"},
				"down": {"uv": [0, 0, 2.4, 0.4], "rotation": 270, "texture": "#2"}
			}
		},
		{
			"name": "Holder_A_2",
			"from": [11.43718, 7.80538, 2.2182],
			"to": [13.53718, 8.20538, 2.4182],
			"rotation": {"angle": 0, "axis": "y", "origin": [8, 8, 8]},
			"faces": {
				"north": {"uv": [0, 0, 2.1, 0.4], "rotation": 180, "texture": "#2"},
				"east": {"uv": [0, 0, 0.2, 0.4], "rotation": 180, "texture": "#2"},
				"south": {"uv": [0, 0, 2.1, 0.4], "rotation": 180, "texture": "#2"},
				"west": {"uv": [0, 0, 0.2, 0.4], "rotation": 180, "texture": "#2"},
				"up": {"uv": [0, 0, 0.2, 2.1], "rotation": 270, "texture": "#2"},
				"down": {"uv": [0, 0, 0.2, 2.1], "rotation": 90, "texture": "#2"}
			}
		},
		{
			"name": "Holder_B_2",
			"from": [11.38718, 7.80538, -0.0318],
			"to": [11.58718, 8.20538, 2.3682],
			"rotation": {"angle": 0, "axis": "y", "origin": [8, 8, 8]},
			"faces": {
				"north": {"uv": [0, 0, 0.2, 0.4], "rotation": 180, "texture": "#2"},
				"east": {"uv": [0, 0, 2.4, 0.4], "rotation": 180, "texture": "#2"},
				"south": {"uv": [0, 0, 0.2, 0.4], "rotation": 180, "texture": "#2"},
				"west": {"uv": [0, 0, 2.4, 0.4], "rotation": 180, "texture": "#2"},
				"up": {"uv": [0, 0, 0.2, 2.4], "rotation": 180, "texture": "#2"},
				"down": {"uv": [0, 0, 0.2, 2.4], "rotation": 180, "texture": "#2"}
			}
		},
		{
			"name": "Holder_A_3",
			"from": [7.79462, 11.43718, 2.2182],
			"to": [8.19462, 13.53718, 2.4182],
			"rotation": {"angle": 0, "axis": "y", "origin": [8, 8, 8]},
			"faces": {
				"north": {"uv": [0, 0, 2.1, 0.4], "rotation": 270, "texture": "#2"},
				"east": {"uv": [0, 0, 0.2, 2.1], "texture": "#2"},
				"south": {"uv": [0, 0, 2.1, 0.4], "rotation": 90, "texture": "#2"},
				"west": {"uv": [0, 0, 0.2, 2.1], "rotation": 180, "texture": "#2"},
				"up": {"uv": [0, 0, 0.2, 0.4], "rotation": 90, "texture": "#2"},
				"down": {"uv": [0, 0, 0.2, 0.4], "rotation": 90, "texture": "#2"}
			}
		},
		{
			"name": "Holder_B_3",
			"from": [7.79462, 11.38718, -0.0318],
			"to": [8.19462, 11.58718, 2.3682],
			"rotation": {"angle": 0, "axis": "y", "origin": [8, 8, 8]},
			"faces": {
				"north": {"uv": [0, 0, 0.2, 0.4], "rotation": 270, "texture": "#2"},
				"east": {"uv": [0, 0, 0.2, 2.4], "rotation": 90, "texture": "#2"},
				"south": {"uv": [0, 0, 0.2, 0.4], "rotation": 90, "texture": "#2"},
				"west": {"uv": [0, 0, 0.2, 2.4], "rotation": 90, "texture": "#2"},
				"up": {"uv": [0, 0, 2.4, 0.4], "rotation": 90, "texture": "#2"},
				"down": {"uv": [0, 0, 2.4, 0.4], "rotation": 90, "texture": "#2"}
			}
		},
		{
			"name": "Holder_A_4",
			"from": [2.46282, 7.79462, 2.2182],
			"to": [4.56282, 8.19462, 2.4182],
			"rotation": {"angle": 0, "axis": "y", "origin": [8, 8, 8]},
			"faces": {
				"north": {"uv": [0, 0, 2.1, 0.4], "texture": "#2"},
				"east": {"uv": [0, 0, 0.2, 0.4], "texture": "#2"},
				"south": {"uv": [0, 0, 2.1, 0.4], "texture": "#2"},
				"west": {"uv": [0, 0, 0.2, 0.4], "texture": "#2"},
				"up": {"uv": [0, 0, 0.2, 2.1], "rotation": 270, "texture": "#2"},
				"down": {"uv": [0, 0, 0.2, 2.1], "rotation": 90, "texture": "#2"}
			}
		},
		{
			"name": "Holder_B_4",
			"from": [4.41282, 7.79462, -0.0318],
			"to": [4.61282, 8.19462, 2.3682],
			"rotation": {"angle": 0, "axis": "y", "origin": [8, 8, 8]},
			"faces": {
				"north": {"uv": [0, 0, 0.2, 0.4], "texture": "#2"},
				"east": {"uv": [0, 0, 2.4, 0.4], "texture": "#2"},
				"south": {"uv": [0, 0, 0.2, 0.4], "texture": "#2"},
				"west": {"uv": [0, 0, 2.4, 0.4], "texture": "#2"},
				"up": {"uv": [0, 0, 0.2, 2.4], "texture": "#2"},
				"down": {"uv": [0, 0, 0.2, 2.4], "texture": "#2"}
			}
		},
		{
			"from": [11.2, 11.2, 0.4],
			"to": [15.6, 15.6, 4.8],
			"rotation": {"angle": 0, "axis": "y", "origin": [13.4, 13.4, 2.6]},
			"faces": {
				"north": {"uv": [0, 0, 16, 16], "texture": "#3"},
				"east": {"uv": [16, 0, 0, 16], "texture": "#3"},
				"south": {"uv": [11.0875, 8.75, 9.75, 10.09375], "texture": "#3"},
				"west": {"uv": [9.75, 8.75, 11.0875, 10.09375], "texture": "#3"},
				"up": {"uv": [16, 0, 0, 16], "texture": "#3"},
				"down": {"uv": [9.75, 8.75, 11.0875, 10.09375], "rotation": 180, "texture": "#3"}
			}
		},
		{
			"from": [0.4, 11.2, 0.4],
			"to": [4.8, 15.6, 4.8],
			"rotation": {"angle": 0, "axis": "y", "origin": [2.7, 13.4, 2.6]},
			"faces": {
				"north": {"uv": [0, 0, 16, 16], "rotation": 90, "texture": "#3"},
				"east": {"uv": [9.75, 8.75, 11.0875, 10.09375], "rotation": 90, "texture": "#3"},
				"south": {"uv": [11.0875, 8.75, 9.75, 10.09375], "rotation": 270, "texture": "#3"},
				"west": {"uv": [16, 0, 0, 16], "rotation": 270, "texture": "#3"},
				"up": {"uv": [16, 0, 0, 16], "rotation": 270, "texture": "#3"},
				"down": {"uv": [9.75, 8.75, 11.0875, 10.09375], "rotation": 270, "texture": "#3"}
			}
		},
		{
			"from": [0.4, 0.4, 0.4],
			"to": [4.8, 4.8, 4.8],
			"rotation": {"angle": 0, "axis": "y", "origin": [8, 13.4, 2.6]},
			"faces": {
				"north": {"uv": [0, 0, 16, 16], "rotation": 180, "texture": "#3"},
				"east": {"uv": [9.75, 8.75, 11.0875, 10.09375], "rotation": 180, "texture": "#3"},
				"south": {"uv": [11.0875, 8.75, 9.75, 10.09375], "rotation": 180, "texture": "#3"},
				"west": {"uv": [16, 0, 0, 16], "rotation": 180, "texture": "#3"},
				"up": {"uv": [9.75, 8.75, 11.0875, 10.09375], "texture": "#3"},
				"down": {"uv": [16, 0, 0, 16], "rotation": 180, "texture": "#3"}
			}
		},
		{
			"from": [11.2, 0.4, 0.4],
			"to": [15.6, 4.8, 4.8],
			"rotation": {"angle": 0, "axis": "y", "origin": [8, 13.4, 2.6]},
			"faces": {
				"north": {"uv": [0, 0, 16, 16], "rotation": 270, "texture": "#3"},
				"east": {"uv": [16, 0, 0, 16], "rotation": 90, "texture": "#3"},
				"south": {"uv": [11.0875, 8.75, 9.75, 10.09375], "rotation": 90, "texture": "#3"},
				"west": {"uv": [9.75, 8.75, 11.0875, 10.09375], "rotation": 270, "texture": "#3"},
				"up": {"uv": [9.75, 8.75, 11.0875, 10.09375], "rotation": 90, "texture": "#3"},
				"down": {"uv": [16, 0, 0, 16], "rotation": 90, "texture": "#3"}
			}
		},
		{
			"from": [11.2, 11.2, 11.2],
			"to": [15.6, 15.6, 15.6],
			"rotation": {"angle": 0, "axis": "y", "origin": [8, 8, 2.6]},
			"faces": {
				"north": {"uv": [11.0875, 8.75, 9.75, 10.09375], "rotation": 270, "texture": "#3"},
				"east": {"uv": [16, 0, 0, 16], "rotation": 270, "texture": "#3"},
				"south": {"uv": [0, 0, 16, 16], "rotation": 90, "texture": "#3"},
				"west": {"uv": [9.75, 8.75, 11.0875, 10.09375], "rotation": 90, "texture": "#3"},
				"up": {"uv": [16, 0, 0, 16], "rotation": 90, "texture": "#3"},
				"down": {"uv": [9.75, 8.75, 11.0875, 10.09375], "rotation": 90, "texture": "#3"}
			}
		},
		{
			"from": [0.4, 11.2, 11.2],
			"to": [4.8, 15.6, 15.6],
			"rotation": {"angle": 0, "axis": "y", "origin": [8, 8, 2.6]},
			"faces": {
				"north": {"uv": [11.0875, 8.75, 9.75, 10.09375], "texture": "#3"},
				"east": {"uv": [9.75, 8.75, 11.0875, 10.09375], "texture": "#3"},
				"south": {"uv": [0, 0, 16, 16], "texture": "#3"},
				"west": {"uv": [16, 0, 0, 16], "texture": "#3"},
				"up": {"uv": [16, 0, 0, 16], "rotation": 180, "texture": "#3"},
				"down": {"uv": [9.75, 8.75, 11.0875, 10.09375], "texture": "#3"}
			}
		},
		{
			"from": [11.2, 0.4, 11.2],
			"to": [15.6, 4.8, 15.6],
			"rotation": {"angle": 0, "axis": "y", "origin": [8, 8, 2.6]},
			"faces": {
				"north": {"uv": [11.0875, 8.75, 9.75, 10.09375], "rotation": 180, "texture": "#3"},
				"east": {"uv": [16, 0, 0, 16], "rotation": 180, "texture": "#3"},
				"south": {"uv": [0, 0, 16, 16], "rotation": 180, "texture": "#3"},
				"west": {"uv": [9.75, 8.75, 11.0875, 10.09375], "rotation": 180, "texture": "#3"},
				"up": {"uv": [9.75, 8.75, 11.0875, 10.09375], "rotation": 180, "texture": "#3"},
				"down": {"uv": [16, 0, 0, 16], "texture": "#3"}
			}
		},
		{
			"from": [0.4, 0.4, 11.2],
			"to": [4.8, 4.8, 15.6],
			"rotation": {"angle": 0, "axis": "y", "origin": [8, 8, 2.6]},
			"faces": {
				"north": {"uv": [11.0875, 8.75, 9.75, 10.09375], "rotation": 90, "texture": "#3"},
				"east": {"uv": [9.75, 8.75, 11.0875, 10.09375], "rotation": 270, "texture": "#3"},
				"south": {"uv": [0, 0, 16, 16], "rotation": 270, "texture": "#3"},
				"west": {"uv": [16, 0, 0, 16], "rotation": 90, "texture": "#3"},
				"up": {"uv": [9.75, 8.75, 11.0875, 10.09375], "rotation": 270, "texture": "#3"},
				"down": {"uv": [16, 0, 0, 16], "rotation": 270, "texture": "#3"}
			}
		},
		{
			"name": "hexadecagon",
			"from": [5.45761, 15.05, 0.4],
			"to": [10.54239, 16, 1.225],
			"rotation": {"angle": -45, "axis": "z", "origin": [8, 8, 0.9]},
			"faces": {
				"north": {"uv": [0, 0, 1, 1], "texture": "#3"},
				"east": {"uv": [0, 0, 1, 1], "texture": "#3"},
				"south": {"uv": [0, 0, 1, 1], "texture": "#3"},
				"west": {"uv": [0, 0, 1, 1], "texture": "#3"},
				"up": {"uv": [0, 0, 1, 1], "texture": "#3"},
				"down": {"uv": [0, 0, 1, 1], "texture": "#3"}
			}
		},
		{
			"name": "hexadecagon",
			"from": [5.45761, 15.05, 0.4],
			"to": [10.54239, 16, 1.225],
			"rotation": {"angle": 45, "axis": "z", "origin": [8, 8, 0.9]},
			"faces": {
				"north": {"uv": [0, 0, 1, 1], "texture": "#3"},
				"east": {"uv": [0, 0, 1, 1], "texture": "#3"},
				"south": {"uv": [0, 0, 1, 1], "texture": "#3"},
				"west": {"uv": [0, 0, 1, 1], "texture": "#3"},
				"up": {"uv": [0, 0, 1, 1], "texture": "#3"},
				"down": {"uv": [0, 0, 1, 1], "texture": "#3"}
			}
		},
		{
			"name": "hexadecagon",
			"from": [0, 5.45761, 0.4],
			"to": [0.95, 10.54239, 1.225],
			"rotation": {"angle": 45, "axis": "z", "origin": [8, 8, 0.9]},
			"faces": {
				"north": {"uv": [0, 0, 1, 1], "rotation": 90, "texture": "#3"},
				"east": {"uv": [0, 0, 1, 1], "rotation": 270, "texture": "#3"},
				"south": {"uv": [0, 0, 1, 1], "rotation": 270, "texture": "#3"},
				"west": {"uv": [0, 0, 1, 1], "rotation": 270, "texture": "#3"},
				"up": {"uv": [0, 0, 1, 1], "rotation": 270, "texture": "#3"},
				"down": {"uv": [0, 0, 1, 1], "rotation": 270, "texture": "#3"}
			}
		},
		{
			"name": "hexadecagon",
			"from": [5.45761, 0, 0.4],
			"to": [10.54239, 0.95, 1.225],
			"rotation": {"angle": 45, "axis": "z", "origin": [8, 8, 0.9]},
			"faces": {
				"north": {"uv": [0, 0, 1, 1], "rotation": 180, "texture": "#3"},
				"east": {"uv": [0, 0, 1, 1], "rotation": 180, "texture": "#3"},
				"south": {"uv": [0, 0, 1, 1], "rotation": 180, "texture": "#3"},
				"west": {"uv": [0, 0, 1, 1], "rotation": 180, "texture": "#3"},
				"up": {"uv": [0, 0, 1, 1], "rotation": 180, "texture": "#3"},
				"down": {"uv": [0, 0, 1, 1], "rotation": 180, "texture": "#3"}
			}
		},
		{
			"name": "hexadecagon",
			"from": [15.05, 0.4, 5.45761],
			"to": [16, 1.225, 10.54239],
			"rotation": {"angle": -45, "axis": "y", "origin": [8, 8, 8]},
			"faces": {
				"north": {"uv": [0, 0, 1, 1], "rotation": 270, "texture": "#3"},
				"east": {"uv": [0, 0, 1, 1], "rotation": 180, "texture": "#3"},
				"south": {"uv": [0, 0, 1, 1], "rotation": 90, "texture": "#3"},
				"west": {"uv": [0, 0, 1, 1], "texture": "#3"},
				"up": {"uv": [0, 0, 1, 1], "rotation": 90, "texture": "#3"},
				"down": {"uv": [0, 0, 1, 1], "rotation": 90, "texture": "#3"}
			}
		},
		{
			"name": "hexadecagon",
			"from": [5.45761, 0.4, 0],
			"to": [10.54239, 1.225, 0.95],
			"rotation": {"angle": -45, "axis": "y", "origin": [8, 8, 8]},
			"faces": {
				"north": {"uv": [0, 0, 1, 1], "rotation": 180, "texture": "#3"},
				"east": {"uv": [0, 0, 1, 1], "rotation": 90, "texture": "#3"},
				"south": {"uv": [0, 0, 1, 1], "texture": "#3"},
				"west": {"uv": [0, 0, 1, 1], "rotation": 270, "texture": "#3"},
				"up": {"uv": [0, 0, 1, 1], "texture": "#3"},
				"down": {"uv": [0, 0, 1, 1], "rotation": 180, "texture": "#3"}
			}
		},
		{
			"name": "hexadecagon",
			"from": [0, 0.4, 5.45761],
			"to": [0.95, 1.225, 10.54239],
			"rotation": {"angle": -45, "axis": "y", "origin": [8, 8, 8]},
			"faces": {
				"north": {"uv": [0, 0, 1, 1], "rotation": 90, "texture": "#3"},
				"east": {"uv": [0, 0, 1, 1], "texture": "#3"},
				"south": {"uv": [0, 0, 1, 1], "rotation": 270, "texture": "#3"},
				"west": {"uv": [0, 0, 1, 1], "rotation": 180, "texture": "#3"},
				"up": {"uv": [0, 0, 1, 1], "rotation": 270, "texture": "#3"},
				"down": {"uv": [0, 0, 1, 1], "rotation": 270, "texture": "#3"}
			}
		},
		{
			"name": "hexadecagon",
			"from": [5.45761, 0.4, 15.05],
			"to": [10.54239, 1.225, 16],
			"rotation": {"angle": -45, "axis": "y", "origin": [8, 8, 8]},
			"faces": {
				"north": {"uv": [0, 0, 1, 1], "texture": "#3"},
				"east": {"uv": [0, 0, 1, 1], "rotation": 270, "texture": "#3"},
				"south": {"uv": [0, 0, 1, 1], "rotation": 180, "texture": "#3"},
				"west": {"uv": [0, 0, 1, 1], "rotation": 90, "texture": "#3"},
				"up": {"uv": [0, 0, 1, 1], "rotation": 180, "texture": "#3"},
				"down": {"uv": [0, 0, 1, 1], "texture": "#3"}
			}
		},
		{
			"name": "hexadecagon",
			"from": [0, 14.775, 5.45761],
			"to": [0.95, 15.6, 10.54239],
			"rotation": {"angle": -45, "axis": "y", "origin": [8, 8, 8]},
			"faces": {
				"north": {"uv": [0, 0, 1, 1], "rotation": 90, "texture": "#3"},
				"east": {"uv": [0, 0, 1, 1], "rotation": 180, "texture": "#3"},
				"south": {"uv": [0, 0, 1, 1], "rotation": 270, "texture": "#3"},
				"west": {"uv": [0, 0, 1, 1], "texture": "#3"},
				"up": {"uv": [0, 0, 1, 1], "rotation": 270, "texture": "#3"},
				"down": {"uv": [0, 0, 1, 1], "rotation": 270, "texture": "#3"}
			}
		},
		{
			"name": "hexadecagon",
			"from": [5.45761, 14.775, 0],
			"to": [10.54239, 15.6, 0.95],
			"rotation": {"angle": -45, "axis": "y", "origin": [8, 8, 8]},
			"faces": {
				"north": {"uv": [0, 0, 1, 1], "texture": "#3"},
				"east": {"uv": [0, 0, 1, 1], "rotation": 90, "texture": "#3"},
				"south": {"uv": [0, 0, 1, 1], "rotation": 180, "texture": "#3"},
				"west": {"uv": [0, 0, 1, 1], "rotation": 270, "texture": "#3"},
				"up": {"uv": [0, 0, 1, 1], "texture": "#3"},
				"down": {"uv": [0, 0, 1, 1], "rotation": 180, "texture": "#3"}
			}
		},
		{
			"name": "hexadecagon",
			"from": [15.05, 14.775, 5.45761],
			"to": [16, 15.6, 10.54239],
			"rotation": {"angle": -45, "axis": "y", "origin": [8, 8, 8]},
			"faces": {
				"north": {"uv": [0, 0, 1, 1], "rotation": 270, "texture": "#3"},
				"east": {"uv": [0, 0, 1, 1], "texture": "#3"},
				"south": {"uv": [0, 0, 1, 1], "rotation": 90, "texture": "#3"},
				"west": {"uv": [0, 0, 1, 1], "rotation": 180, "texture": "#3"},
				"up": {"uv": [0, 0, 1, 1], "rotation": 90, "texture": "#3"},
				"down": {"uv": [0, 0, 1, 1], "rotation": 90, "texture": "#3"}
			}
		},
		{
			"name": "hexadecagon",
			"from": [5.45761, 14.775, 15.05],
			"to": [10.54239, 15.6, 16],
			"rotation": {"angle": -45, "axis": "y", "origin": [8, 8, 8]},
			"faces": {
				"north": {"uv": [0, 0, 1, 1], "rotation": 180, "texture": "#3"},
				"east": {"uv": [0, 0, 1, 1], "rotation": 270, "texture": "#3"},
				"south": {"uv": [0, 0, 1, 1], "texture": "#3"},
				"west": {"uv": [0, 0, 1, 1], "rotation": 90, "texture": "#3"},
				"up": {"uv": [0, 0, 1, 1], "rotation": 180, "texture": "#3"},
				"down": {"uv": [0, 0, 1, 1], "texture": "#3"}
			}
		},
		{
			"name": "hexadecagon",
			"from": [14.775, 15.05, 5.45761],
			"to": [15.6, 16, 10.54239],
			"rotation": {"angle": -45, "axis": "x", "origin": [8, 8, 8]},
			"faces": {
				"north": {"uv": [0, 0, 1, 1], "texture": "#3"},
				"east": {"uv": [0, 0, 1, 1], "texture": "#3"},
				"south": {"uv": [0, 0, 1, 1], "texture": "#3"},
				"west": {"uv": [0, 0, 1, 1], "texture": "#3"},
				"up": {"uv": [0, 0, 1, 1], "rotation": 90, "texture": "#3"},
				"down": {"uv": [0, 0, 1, 1], "rotation": 270, "texture": "#3"}
			}
		},
		{
			"name": "hexadecagon",
			"from": [14.775, 5.45761, 0],
			"to": [15.6, 10.54239, 0.95],
			"rotation": {"angle": -45, "axis": "x", "origin": [8, 8, 8]},
			"faces": {
				"north": {"uv": [0, 0, 1, 1], "rotation": 270, "texture": "#3"},
				"east": {"uv": [0, 0, 1, 1], "rotation": 90, "texture": "#3"},
				"south": {"uv": [0, 0, 1, 1], "rotation": 270, "texture": "#3"},
				"west": {"uv": [0, 0, 1, 1], "rotation": 270, "texture": "#3"},
				"up": {"uv": [0, 0, 1, 1], "texture": "#3"},
				"down": {"uv": [0, 0, 1, 1], "rotation": 180, "texture": "#3"}
			}
		},
		{
			"name": "hexadecagon",
			"from": [14.775, 0, 5.45761],
			"to": [15.6, 0.95, 10.54239],
			"rotation": {"angle": -45, "axis": "x", "origin": [8, 8, 8]},
			"faces": {
				"north": {"uv": [0, 0, 1, 1], "rotation": 180, "texture": "#3"},
				"east": {"uv": [0, 0, 1, 1], "rotation": 180, "texture": "#3"},
				"south": {"uv": [0, 0, 1, 1], "rotation": 180, "texture": "#3"},
				"west": {"uv": [0, 0, 1, 1], "rotation": 180, "texture": "#3"},
				"up": {"uv": [0, 0, 1, 1], "rotation": 270, "texture": "#3"},
				"down": {"uv": [0, 0, 1, 1], "rotation": 90, "texture": "#3"}
			}
		},
		{
			"name": "hexadecagon",
			"from": [14.775, 5.45761, 15.05],
			"to": [15.6, 10.54239, 16],
			"rotation": {"angle": -45, "axis": "x", "origin": [8, 8, 8]},
			"faces": {
				"north": {"uv": [0, 0, 1, 1], "rotation": 90, "texture": "#3"},
				"east": {"uv": [0, 0, 1, 1], "rotation": 270, "texture": "#3"},
				"south": {"uv": [0, 0, 1, 1], "rotation": 90, "texture": "#3"},
				"west": {"uv": [0, 0, 1, 1], "rotation": 90, "texture": "#3"},
				"up": {"uv": [0, 0, 1, 1], "rotation": 180, "texture": "#3"},
				"down": {"uv": [0, 0, 1, 1], "texture": "#3"}
			}
		},
		{
			"name": "hexadecagon",
			"from": [5.45761, 15.05, 14.775],
			"to": [10.54239, 16, 15.6],
			"rotation": {"angle": -45, "axis": "z", "origin": [8, 8, 8]},
			"faces": {
				"north": {"uv": [0, 0, 1, 1], "texture": "#3"},
				"east": {"uv": [0, 0, 1, 1], "texture": "#3"},
				"south": {"uv": [0, 0, 1, 1], "texture": "#3"},
				"west": {"uv": [0, 0, 1, 1], "texture": "#3"},
				"up": {"uv": [0, 0, 1, 1], "rotation": 180, "texture": "#3"},
				"down": {"uv": [0, 0, 1, 1], "rotation": 180, "texture": "#3"}
			}
		},
		{
			"name": "hexadecagon",
			"from": [15.05, 5.45761, 14.775],
			"to": [16, 10.54239, 15.6],
			"rotation": {"angle": -45, "axis": "z", "origin": [8, 8, 8]},
			"faces": {
				"north": {"uv": [0, 0, 1, 1], "rotation": 270, "texture": "#3"},
				"east": {"uv": [0, 0, 1, 1], "rotation": 270, "texture": "#3"},
				"south": {"uv": [0, 0, 1, 1], "rotation": 90, "texture": "#3"},
				"west": {"uv": [0, 0, 1, 1], "rotation": 270, "texture": "#3"},
				"up": {"uv": [0, 0, 1, 1], "rotation": 90, "texture": "#3"},
				"down": {"uv": [0, 0, 1, 1], "rotation": 90, "texture": "#3"}
			}
		},
		{
			"name": "hexadecagon",
			"from": [5.45761, 0, 14.775],
			"to": [10.54239, 0.95, 15.6],
			"rotation": {"angle": -45, "axis": "z", "origin": [8, 8, 8]},
			"faces": {
				"north": {"uv": [0, 0, 1, 1], "rotation": 180, "texture": "#3"},
				"east": {"uv": [0, 0, 1, 1], "rotation": 180, "texture": "#3"},
				"south": {"uv": [0, 0, 1, 1], "rotation": 180, "texture": "#3"},
				"west": {"uv": [0, 0, 1, 1], "rotation": 180, "texture": "#3"},
				"up": {"uv": [0, 0, 1, 1], "texture": "#3"},
				"down": {"uv": [0, 0, 1, 1], "texture": "#3"}
			}
		},
		{
			"name": "hexadecagon",
			"from": [0, 5.45761, 14.775],
			"to": [0.95, 10.54239, 15.6],
			"rotation": {"angle": -45, "axis": "z", "origin": [8, 8, 8]},
			"faces": {
				"north": {"uv": [0, 0, 1, 1], "rotation": 90, "texture": "#3"},
				"east": {"uv": [0, 0, 1, 1], "rotation": 90, "texture": "#3"},
				"south": {"uv": [0, 0, 1, 1], "rotation": 270, "texture": "#3"},
				"west": {"uv": [0, 0, 1, 1], "rotation": 90, "texture": "#3"},
				"up": {"uv": [0, 0, 1, 1], "rotation": 270, "texture": "#3"},
				"down": {"uv": [0, 0, 1, 1], "rotation": 270, "texture": "#3"}
			}
		},
		{
			"name": "hexadecagon",
			"from": [0.4, 0, 5.45761],
			"to": [1.225, 0.95, 10.54239],
			"rotation": {"angle": 45, "axis": "x", "origin": [8, 8, 8]},
			"faces": {
				"north": {"uv": [0, 0, 1, 1], "rotation": 180, "texture": "#3"},
				"east": {"uv": [0, 0, 1, 1], "rotation": 180, "texture": "#3"},
				"south": {"uv": [0, 0, 1, 1], "rotation": 180, "texture": "#3"},
				"west": {"uv": [0, 0, 1, 1], "rotation": 180, "texture": "#3"},
				"up": {"uv": [0, 0, 1, 1], "rotation": 90, "texture": "#3"},
				"down": {"uv": [0, 0, 1, 1], "rotation": 270, "texture": "#3"}
			}
		},
		{
			"name": "hexadecagon",
			"from": [0.4, 5.45761, 15.05],
			"to": [1.225, 10.54239, 16],
			"rotation": {"angle": 45, "axis": "x", "origin": [8, 8, 8]},
			"faces": {
				"north": {"uv": [0, 0, 1, 1], "rotation": 270, "texture": "#3"},
				"east": {"uv": [0, 0, 1, 1], "rotation": 270, "texture": "#3"},
				"south": {"uv": [0, 0, 1, 1], "rotation": 270, "texture": "#3"},
				"west": {"uv": [0, 0, 1, 1], "rotation": 90, "texture": "#3"},
				"up": {"uv": [0, 0, 1, 1], "rotation": 180, "texture": "#3"},
				"down": {"uv": [0, 0, 1, 1], "texture": "#3"}
			}
		},
		{
			"name": "hexadecagon",
			"from": [0.4, 15.05, 5.45761],
			"to": [1.225, 16, 10.54239],
			"rotation": {"angle": 45, "axis": "x", "origin": [8, 8, 8]},
			"faces": {
				"north": {"uv": [0, 0, 1, 1], "texture": "#3"},
				"east": {"uv": [0, 0, 1, 1], "texture": "#3"},
				"south": {"uv": [0, 0, 1, 1], "texture": "#3"},
				"west": {"uv": [0, 0, 1, 1], "texture": "#3"},
				"up": {"uv": [0, 0, 1, 1], "rotation": 270, "texture": "#3"},
				"down": {"uv": [0, 0, 1, 1], "rotation": 90, "texture": "#3"}
			}
		},
		{
			"name": "hexadecagon",
			"from": [0.4, 5.45761, 0],
			"to": [1.225, 10.54239, 0.95],
			"rotation": {"angle": 45, "axis": "x", "origin": [8, 8, 8]},
			"faces": {
				"north": {"uv": [0, 0, 1, 1], "rotation": 90, "texture": "#3"},
				"east": {"uv": [0, 0, 1, 1], "rotation": 90, "texture": "#3"},
				"south": {"uv": [0, 0, 1, 1], "rotation": 90, "texture": "#3"},
				"west": {"uv": [0, 0, 1, 1], "rotation": 270, "texture": "#3"},
				"up": {"uv": [0, 0, 1, 1], "texture": "#3"},
				"down": {"uv": [0, 0, 1, 1], "rotation": 180, "texture": "#3"}
			}
		},
		{
			"name": "octagon",
			"from": [0.675, 5.51472, 2],
			"to": [15.325, 10.48528, 2.8],
			"rotation": {"angle": 22.5, "axis": "x", "origin": [8, 8, 8]},
			"faces": {
				"east": {"uv": [0, 0, 1, 1], "texture": "#2"},
				"west": {"uv": [0, 0, 1, 1], "texture": "#2"}
			}
		},
		{
			"name": "octagon",
			"from": [0.675, 5.51472, 2],
			"to": [15.325, 10.48528, 2.8],
			"rotation": {"angle": -22.5, "axis": "x", "origin": [8, 8, 8]},
			"faces": {
				"east": {"uv": [0, 0, 1, 1], "texture": "#2"},
				"west": {"uv": [0, 0, 1, 1], "texture": "#2"}
			}
		},
		{
			"name": "octagon",
			"from": [0.675, 5.51472, 13.2],
			"to": [15.325, 10.48528, 14],
			"rotation": {"angle": 22.5, "axis": "x", "origin": [8, 8, 8]},
			"faces": {
				"east": {"uv": [0, 0, 1, 1], "texture": "#2"},
				"west": {"uv": [0, 0, 1, 1], "texture": "#2"}
			}
		},
		{
			"name": "octagon",
			"from": [0.675, 5.51472, 13.2],
			"to": [15.325, 10.48528, 14],
			"rotation": {"angle": -22.5, "axis": "x", "origin": [8, 8, 8]},
			"faces": {
				"east": {"uv": [0, 0, 1, 1], "texture": "#2"},
				"west": {"uv": [0, 0, 1, 1], "texture": "#2"}
			}
		},
		{
			"name": "octagon",
			"from": [0.675, 2, 5.51472],
			"to": [15.325, 2.8, 10.48528],
			"rotation": {"angle": 22.5, "axis": "x", "origin": [8, 8, 8]},
			"faces": {
				"east": {"uv": [0, 0, 1, 1], "texture": "#2"},
				"west": {"uv": [0, 0, 1, 1], "texture": "#2"}
			}
		},
		{
			"name": "octagon",
			"from": [0.675, 2, 5.51472],
			"to": [15.325, 2.8, 10.48528],
			"rotation": {"angle": -22.5, "axis": "x", "origin": [8, 8, 8]},
			"faces": {
				"east": {"uv": [0, 0, 1, 1], "texture": "#2"},
				"west": {"uv": [0, 0, 1, 1], "texture": "#2"}
			}
		},
		{
			"name": "octagon",
			"from": [0.675, 13.2, 5.51472],
			"to": [15.325, 14, 10.48528],
			"rotation": {"angle": 22.5, "axis": "x", "origin": [8, 8, 8]},
			"faces": {
				"east": {"uv": [0, 0, 1, 1], "texture": "#2"},
				"west": {"uv": [0, 0, 1, 1], "texture": "#2"}
			}
		},
		{
			"name": "octagon",
			"from": [0.675, 13.2, 5.51472],
			"to": [15.325, 14, 10.48528],
			"rotation": {"angle": -22.5, "axis": "x", "origin": [8, 8, 8]},
			"faces": {
				"east": {"uv": [0, 0, 1, 1], "texture": "#2"},
				"west": {"uv": [0, 0, 1, 1], "texture": "#2"}
			}
		},
		{
			"name": "octagon",
			"from": [13.2, 5.51472, 0.675],
			"to": [14, 10.48528, 15.325],
			"rotation": {"angle": -22.5, "axis": "z", "origin": [8, 8, 8]},
			"faces": {
				"north": {"uv": [0, 0, 1, 1], "rotation": 90, "texture": "#2"},
				"south": {"uv": [0, 0, 1, 1], "rotation": 270, "texture": "#2"}
			}
		},
		{
			"name": "octagon",
			"from": [5.51472, 2, 0.675],
			"to": [10.48528, 2.8, 15.325],
			"rotation": {"angle": 22.5, "axis": "z", "origin": [8, 8, 8]},
			"faces": {
				"north": {"uv": [0, 0, 1, 1], "texture": "#2"},
				"south": {"uv": [0, 0, 1, 1], "texture": "#2"}
			}
		},
		{
			"name": "octagon",
			"from": [2, 5.51472, 0.675],
			"to": [2.8, 10.48528, 15.325],
			"rotation": {"angle": -22.5, "axis": "z", "origin": [8, 8, 8]},
			"faces": {
				"north": {"uv": [0, 0, 1, 1], "rotation": 90, "texture": "#2"},
				"south": {"uv": [0, 0, 1, 1], "rotation": 270, "texture": "#2"}
			}
		},
		{
			"name": "octagon",
			"from": [5.51472, 13.2, 0.675],
			"to": [10.48528, 14, 15.325],
			"rotation": {"angle": 22.5, "axis": "z", "origin": [8, 8, 8]},
			"faces": {
				"north": {"uv": [0, 0, 1, 1], "texture": "#2"},
				"south": {"uv": [0, 0, 1, 1], "texture": "#2"}
			}
		},
		{
			"name": "octagon",
			"from": [5.51472, 2, 0.675],
			"to": [10.48528, 2.8, 15.325],
			"rotation": {"angle": -22.5, "axis": "z", "origin": [8, 8, 8]},
			"faces": {
				"north": {"uv": [0, 0, 1, 1], "rotation": 90, "texture": "#2"},
				"south": {"uv": [0, 0, 1, 1], "rotation": 270, "texture": "#2"}
			}
		},
		{
			"name": "octagon",
			"from": [2, 5.51472, 0.675],
			"to": [2.8, 10.48528, 15.325],
			"rotation": {"angle": 22.5, "axis": "z", "origin": [8, 8, 8]},
			"faces": {
				"north": {"uv": [0, 0, 1, 1], "texture": "#2"},
				"south": {"uv": [0, 0, 1, 1], "texture": "#2"}
			}
		},
		{
			"name": "octagon",
			"from": [5.51472, 13.2, 0.675],
			"to": [10.48528, 14, 15.325],
			"rotation": {"angle": -22.5, "axis": "z", "origin": [8, 8, 8]},
			"faces": {
				"north": {"uv": [0, 0, 1, 1], "rotation": 90, "texture": "#2"},
				"south": {"uv": [0, 0, 1, 1], "rotation": 270, "texture": "#2"}
			}
		},
		{
			"name": "octagon",
			"from": [13.2, 5.51472, 0.675],
			"to": [14, 10.48528, 15.325],
			"rotation": {"angle": 22.5, "axis": "z", "origin": [8, 8, 8]},
			"faces": {
				"north": {"uv": [0, 0, 1, 1], "texture": "#2"},
				"south": {"uv": [0, 0, 1, 1], "texture": "#2"}
			}
		},
		{
			"name": "octagon",
			"from": [5.51472, 0.675, 2],
			"to": [10.48528, 15.325, 2.8],
			"rotation": {"angle": 22.5, "axis": "y", "origin": [8, 8, 8]},
			"faces": {
				"up": {"uv": [0, 0, 1, 1], "texture": "#2"},
				"down": {"uv": [0, 0, 1, 1], "texture": "#2"}
			}
		},
		{
			"name": "octagon",
			"from": [5.51472, 0.675, 2],
			"to": [10.48528, 15.325, 2.8],
			"rotation": {"angle": -22.5, "axis": "y", "origin": [8, 8, 8]},
			"faces": {
				"up": {"uv": [0, 0, 1, 1], "texture": "#2"},
				"down": {"uv": [0, 0, 1, 1], "texture": "#2"}
			}
		},
		{
			"name": "octagon",
			"from": [5.51472, 0.675, 13.2],
			"to": [10.48528, 15.325, 14],
			"rotation": {"angle": 22.5, "axis": "y", "origin": [8, 8, 8]},
			"faces": {
				"up": {"uv": [0, 0, 1, 1], "texture": "#2"},
				"down": {"uv": [0, 0, 1, 1], "texture": "#2"}
			}
		},
		{
			"name": "octagon",
			"from": [5.51472, 0.675, 13.2],
			"to": [10.48528, 15.325, 14],
			"rotation": {"angle": -22.5, "axis": "y", "origin": [8, 8, 8]},
			"faces": {
				"up": {"uv": [0, 0, 1, 1], "texture": "#2"},
				"down": {"uv": [0, 0, 1, 1], "texture": "#2"}
			}
		},
		{
			"name": "octagon",
			"from": [2, 0.675, 5.51472],
			"to": [2.8, 15.325, 10.48528],
			"rotation": {"angle": 22.5, "axis": "y", "origin": [8, 8, 8]},
			"faces": {
				"up": {"uv": [0, 0, 1, 1], "texture": "#2"},
				"down": {"uv": [0, 0, 1, 1], "texture": "#2"}
			}
		},
		{
			"name": "octagon",
			"from": [2, 0.675, 5.51472],
			"to": [2.8, 15.325, 10.48528],
			"rotation": {"angle": -22.5, "axis": "y", "origin": [8, 8, 8]},
			"faces": {
				"up": {"uv": [0, 0, 1, 1], "texture": "#2"},
				"down": {"uv": [0, 0, 1, 1], "texture": "#2"}
			}
		},
		{
			"name": "octagon",
			"from": [13.2, 0.675, 5.51472],
			"to": [14, 15.325, 10.48528],
			"rotation": {"angle": 22.5, "axis": "y", "origin": [8, 8, 8]},
			"faces": {
				"up": {"uv": [0, 0, 1, 1], "texture": "#2"},
				"down": {"uv": [0, 0, 1, 1], "texture": "#2"}
			}
		},
		{
			"name": "octagon",
			"from": [13.2, 0.675, 5.51472],
			"to": [14, 15.325, 10.48528],
			"rotation": {"angle": -22.5, "axis": "y", "origin": [8, 8, 8]},
			"faces": {
				"up": {"uv": [0, 0, 1, 1], "texture": "#2"},
				"down": {"uv": [0, 0, 1, 1], "texture": "#2"}
			}
		}
	],
	"display": {
		"thirdperson_righthand": {
			"rotation": [75, 45, 0],
			"translation": [0, 2.5, 0],
			"scale": [0.375, 0.375, 0.375]
		},
		"thirdperson_lefthand": {
			"rotation": [75, 45, 0],
			"translation": [0, 2.5, 0],
			"scale": [0.375, 0.375, 0.375]
		},
		"firstperson_righthand": {
			"rotation": [0, 45, 0],
			"scale": [0.4, 0.4, 0.4]
		},
		"firstperson_lefthand": {
			"rotation": [0, 225, 0],
			"scale": [0.4, 0.4, 0.4]
		},
		"ground": {
			"translation": [0, 3, 0],
			"scale": [0.25, 0.25, 0.25]
		},
		"gui": {
			"rotation": [30, 225, 0],
			"scale": [0.625, 0.625, 0.625]
		},
		"head": {
			"scale": [1.2, 1.2, 1.2]
		},
		"fixed": {
			"scale": [0.5, 0.5, 0.5]
		}
	},
	"groups": [
		{
			"name": "Glass",
			"origin": [0, 0, 0],
			"color": 0,
			"nbt": "{}",
			"children": [0, 1, 2, 3, 4, 5]
		},
		{
			"name": "Shell",
			"origin": [8, 8, 8],
			"color": 0,
			"nbt": "{}",
			"children": [6, 7, 8, 9, 10, 11]
		},
		{
			"name": "LensHolders",
			"origin": [8.00538, 8, 8.00538],
			"color": 0,
			"nbt": "{}",
			"children": [
				12,
				13,
				14,
				15,
				16,
				17,
				18,
				19,
				20,
				21,
				22,
				23,
				{
					"name": "FrontLensHolders",
					"origin": [8.00538, 8, 8.00538],
					"color": 0,
					"nbt": "{}",
					"children": [24, 25, 26, 27, 28, 29, 30, 31]
				}
			]
		},
		{
			"name": "Corners1",
			"origin": [8, 8, 8],
			"color": 0,
			"nbt": "{}",
			"children": [32, 33, 34, 35, 36, 37, 38, 39]
		},
		{
			"name": "Corners2",
			"origin": [8, 8, 8],
			"color": 0,
			"nbt": "{}",
			"children": [40, 41, 42, 43, 44, 45, 46, 47, 48, 49, 50, 51, 52, 53, 54, 55, 56, 57, 58, 59, 60, 61, 62, 63]
		},
		{
			"name": "octagon",
			"origin": [8, 8, 8],
			"color": 0,
			"nbt": "{}",
			"children": [64, 65, 66, 67, 68, 69, 70, 71]
		},
		{
			"name": "octagon",
			"origin": [8, 8, 8],
			"color": 0,
			"nbt": "{}",
			"children": [72, 73, 74, 75, 76, 77, 78, 79]
		},
		{
			"name": "octagon",
			"origin": [8, 8, 8],
			"color": 0,
			"nbt": "{}",
			"children": [80, 81, 82, 83, 84, 85, 86, 87]
		}
	]
}