{
  "model": {
    "type": "range_dispatch",
    "property": "custom_model_data",
    "entries": [
      { "threshold": 1, "model": { "type": "model", "model": "portal_gun:portal_gun" } },
      { "threshold": 2, "model": { "type": "model", "model": "portal_gun:portal_gun_orange" } },
      { "threshold": 3, "model": { "type": "model", "model": "portal_gun:portal_gun_blue" } },
      { "threshold": 4, "model": { "type": "model", "model": "portal_gun:laser_reciever" } },
      { "threshold": 5, "model": { "type": "model", "model": "portal_gun:laser_reciever_active" } },
      { "threshold": 6, "model": { "type": "model", "model": "portal_gun:laser_emmiter" } },
      { "threshold": 7, "model": { "type": "model", "model": "portal_gun:weighted_cube" } },
      { "threshold": 8, "model": { "type": "model", "model": "portal_gun:companion_cube" } },
      { "threshold": 9, "model": { "type": "model", "model": "portal_gun:redirection_cube" } }
    ],
    "fallback": { "type": "model", "model": "item/iron_hoe" }
  }
}