{
	"format_version": "1.21.6",
	"credit": "Made with Blockbench",
	"texture_size": [128, 64],
	"textures": {
		"2": "custom:item/met_sword"
	},
	"elements": [
		{
			"name": "shine",
			"from": [8, 13, -0.5],
			"to": [8, 29, 15.5],
			"rotation": {"angle": 0, "axis": "y", "origin": [8, 0, 8]},
			"faces": {
				"north": {"uv": [14, 0, 14, 4], "texture": "#2"},
				"east": {"uv": [12, 0, 14, 4], "texture": "#2"},
				"south": {"uv": [16, 0, 16, 4], "texture": "#2"},
				"west": {"uv": [14, 0, 16, 4], "texture": "#2"},
				"up": {"uv": [14, 0, 14, -4], "texture": "#2"},
				"down": {"uv": [14, -4, 14, 0], "texture": "#2"}
			}
		},
		{
			"name": "shine",
			"from": [8.04109, 11.50263, 5.425],
			"to": [8.04109, 14.50263, 8.425],
			"rotation": {"angle": -45, "axis": "x", "origin": [7.87989, 7.25, 7.925]},
			"faces": {
				"north": {"uv": [1.125, 15.25, 1.125, 16], "texture": "#2"},
				"east": {"uv": [0.75, 15.25, 1.125, 16], "texture": "#2"},
				"south": {"uv": [1.5, 15.25, 1.5, 16], "texture": "#2"},
				"west": {"uv": [1.125, 15.25, 1.5, 16], "texture": "#2"},
				"up": {"uv": [1.125, 15.25, 1.125, 14.5], "texture": "#2"},
				"down": {"uv": [1.125, 14.5, 1.125, 15.25], "texture": "#2"}
			}
		},
		{
			"name": "shine",
			"from": [6, 8.20126, 2.88742],
			"to": [6, 11.20126, 5.88742],
			"rotation": {"angle": 45, "axis": "x", "origin": [7.87989, 7.25, 7.925]},
			"faces": {
				"north": {"uv": [0.375, 15.25, 0.375, 16], "texture": "#2"},
				"east": {"uv": [0, 15.25, 0.375, 16], "texture": "#2"},
				"south": {"uv": [0.75, 15.25, 0.75, 16], "texture": "#2"},
				"west": {"uv": [0.375, 15.25, 0.75, 16], "texture": "#2"},
				"up": {"uv": [0.375, 15.25, 0.375, 14.5], "texture": "#2"},
				"down": {"uv": [0.375, 14.5, 0.375, 15.25], "texture": "#2"}
			}
		},
		{
			"name": "shine",
			"from": [6.08821, 7.16915, 10.925],
			"to": [6.08821, 10.16915, 13.925],
			"rotation": {"angle": 22.5, "axis": "z", "origin": [8.08821, 12.66915, 13.425]},
			"faces": {
				"north": {"uv": [1.875, 15.25, 1.875, 16], "texture": "#2"},
				"east": {"uv": [1.5, 15.25, 1.875, 16], "texture": "#2"},
				"south": {"uv": [2.25, 15.25, 2.25, 16], "texture": "#2"},
				"west": {"uv": [1.875, 15.25, 2.25, 16], "texture": "#2"},
				"up": {"uv": [1.875, 15.25, 1.875, 14.5], "texture": "#2"},
				"down": {"uv": [1.875, 14.5, 1.875, 15.25], "texture": "#2"}
			}
		},
		{
			"name": "blade",
			"from": [7.99416, 10.22118, 7.62118],
			"to": [8.99416, 13.22118, 8.62118],
			"rotation": {"angle": 45, "axis": "x", "origin": [7.87989, 7.25, 7.925]},
			"faces": {
				"north": {"uv": [3, 6.25, 3.125, 7], "texture": "#2"},
				"east": {"uv": [2.875, 6.25, 3, 7], "texture": "#2"},
				"south": {"uv": [3.25, 6.25, 3.375, 7], "texture": "#2"},
				"west": {"uv": [3.125, 6.25, 3.25, 7], "texture": "#2"},
				"up": {"uv": [3.125, 6.25, 3, 6], "texture": "#2"},
				"down": {"uv": [3.25, 6, 3.125, 6.25], "texture": "#2"}
			}
		},
		{
			"name": "blade",
			"from": [7.14416, 15.69315, 13.30685],
			"to": [8.14416, 18.69315, 14.30685],
			"rotation": {"angle": -45, "axis": "x", "origin": [7.87989, 7.25, 7.925]},
			"faces": {
				"north": {"uv": [0.125, 0.25, 0.25, 1], "texture": "#2"},
				"east": {"uv": [0, 0.25, 0.125, 1], "texture": "#2"},
				"south": {"uv": [0.375, 0.25, 0.5, 1], "texture": "#2"},
				"west": {"uv": [0.25, 0.25, 0.375, 1], "texture": "#2"},
				"up": {"uv": [0.25, 0.25, 0.125, 0], "texture": "#2"},
				"down": {"uv": [0.375, 0, 0.25, 0.25], "texture": "#2"}
			}
		},
		{
			"name": "blade",
			"from": [5, 6, 3.5],
			"to": [7, 8, 7.5],
			"rotation": {"angle": -35, "axis": "y", "origin": [6, 0, 10]},
			"faces": {
				"north": {"uv": [0.5, 7.5, 0.75, 8], "texture": "#2"},
				"east": {"uv": [0, 7.5, 0.5, 8], "texture": "#2"},
				"south": {"uv": [1.25, 7.5, 1.5, 8], "texture": "#2"},
				"west": {"uv": [0.75, 7.5, 1.25, 8], "texture": "#2"},
				"up": {"uv": [0.75, 7.5, 0.5, 6.5], "texture": "#2"},
				"down": {"uv": [1, 6.5, 0.75, 7.5], "texture": "#2"}
			}
		},
		{
			"name": "blade",
			"from": [8.48165, 10, 8.9431],
			"to": [10.48165, 12, 12.9431],
			"rotation": {"angle": -45, "axis": "y", "origin": [7.87989, 7.25, 7.925]},
			"faces": {
				"north": {"uv": [3.375, 7, 3.625, 7.5], "texture": "#2"},
				"east": {"uv": [2.875, 7, 3.375, 7.5], "texture": "#2"},
				"south": {"uv": [4.125, 7, 4.375, 7.5], "texture": "#2"},
				"west": {"uv": [3.625, 7, 4.125, 7.5], "texture": "#2"},
				"up": {"uv": [3.625, 7, 3.375, 6], "texture": "#2"},
				"down": {"uv": [3.875, 6, 3.625, 7], "texture": "#2"}
			}
		},
		{
			"name": "blade",
			"from": [5.54682, 16, 3.82936],
			"to": [7.54682, 18, 6.82936],
			"rotation": {"angle": -45, "axis": "y", "origin": [7.87989, 7.25, 7.925]},
			"faces": {
				"north": {"uv": [1.5, 0.75, 1.75, 1.25], "texture": "#2"},
				"east": {"uv": [1.125, 0.75, 1.5, 1.25], "texture": "#2"},
				"south": {"uv": [2.125, 0.75, 2.375, 1.25], "texture": "#2"},
				"west": {"uv": [1.75, 0.75, 2.125, 1.25], "texture": "#2"},
				"up": {"uv": [1.75, 0.75, 1.5, 0], "texture": "#2"},
				"down": {"uv": [2, 0, 1.75, 0.75], "texture": "#2"}
			}
		},
		{
			"name": "blade",
			"from": [7, 6, 5.5],
			"to": [9, 22, 10.5],
			"rotation": {"angle": 0, "axis": "y", "origin": [8, 0, 8]},
			"faces": {
				"north": {"uv": [0.625, 1.25, 0.875, 5.25], "texture": "#2"},
				"east": {"uv": [0, 1.25, 0.625, 5.25], "texture": "#2"},
				"south": {"uv": [1.5, 1.25, 1.75, 5.25], "texture": "#2"},
				"west": {"uv": [0.875, 1.25, 1.5, 5.25], "texture": "#2"},
				"up": {"uv": [0.875, 1.25, 0.625, 0], "texture": "#2"},
				"down": {"uv": [1.125, 0, 0.875, 1.25], "texture": "#2"}
			}
		},
		{
			"name": "blade",
			"from": [7.0004, 21.9504, 7.3004],
			"to": [7.9996, 25.9496, 9.2996],
			"rotation": {"angle": 22.5, "axis": "x", "origin": [8, 26.5, 6.5]},
			"faces": {
				"north": {"uv": [3, 4.75, 3.125, 5.75], "texture": "#2"},
				"east": {"uv": [2.75, 4.75, 3, 5.75], "texture": "#2"},
				"south": {"uv": [3.375, 4.75, 3.5, 5.75], "texture": "#2"},
				"west": {"uv": [3.125, 4.75, 3.375, 5.75], "texture": "#2"},
				"up": {"uv": [3.125, 4.75, 3, 4.25], "texture": "#2"},
				"down": {"uv": [3.25, 4.25, 3.125, 4.75], "texture": "#2"}
			}
		},
		{
			"name": "blade",
			"from": [8.0005, 20.72094, 7.69452],
			"to": [8.9995, 22.71994, 9.69352],
			"rotation": {"angle": -45, "axis": "x", "origin": [8, 21.32044, 8.14402]},
			"faces": {
				"north": {"uv": [2.25, 2.75, 2.375, 3.25], "texture": "#2"},
				"east": {"uv": [2, 2.75, 2.25, 3.25], "texture": "#2"},
				"south": {"uv": [2.625, 2.75, 2.75, 3.25], "texture": "#2"},
				"west": {"uv": [2.375, 2.75, 2.625, 3.25], "texture": "#2"},
				"up": {"uv": [2.375, 2.75, 2.25, 2.25], "texture": "#2"},
				"down": {"uv": [2.5, 2.25, 2.375, 2.75], "texture": "#2"}
			}
		},
		{
			"name": "handle",
			"from": [6.5, -7, 6.5],
			"to": [9.5, -4, 9.5],
			"rotation": {"angle": 0, "axis": "y", "origin": [8, 0, 8]},
			"faces": {
				"north": {"uv": [1.75, 6.75, 2.125, 7.5], "texture": "#2"},
				"east": {"uv": [1.375, 6.75, 1.75, 7.5], "texture": "#2"},
				"south": {"uv": [2.5, 6.75, 2.875, 7.5], "texture": "#2"},
				"west": {"uv": [2.125, 6.75, 2.5, 7.5], "texture": "#2"},
				"up": {"uv": [2.125, 6.75, 1.75, 6], "texture": "#2"},
				"down": {"uv": [2.5, 6, 2.125, 6.75], "texture": "#2"}
			}
		},
		{
			"name": "handle",
			"from": [7, -4, 7],
			"to": [9, 4, 9],
			"rotation": {"angle": 0, "axis": "y", "origin": [8, 0, 8]},
			"faces": {
				"north": {"uv": [2, 4, 2.25, 6], "texture": "#2"},
				"east": {"uv": [1.75, 4, 2, 6], "texture": "#2"},
				"south": {"uv": [2.5, 4, 2.75, 6], "texture": "#2"},
				"west": {"uv": [2.25, 4, 2.5, 6], "texture": "#2"},
				"up": {"uv": [2.25, 4, 2, 3.5], "texture": "#2"},
				"down": {"uv": [2.5, 3.5, 2.25, 4], "texture": "#2"}
			}
		},
		{
			"name": "handle",
			"from": [6.8, 1.8, 6.8],
			"to": [9.2, 3.2, 9.2],
			"rotation": {"angle": 0, "axis": "y", "origin": [8, 0, 8]},
			"faces": {
				"north": {"uv": [3, 4, 3.25, 4.25], "texture": "#2"},
				"east": {"uv": [2.75, 4, 3, 4.25], "texture": "#2"},
				"south": {"uv": [3.5, 4, 3.75, 4.25], "texture": "#2"},
				"west": {"uv": [3.25, 4, 3.5, 4.25], "texture": "#2"},
				"up": {"uv": [3.25, 4, 3, 3.5], "texture": "#2"},
				"down": {"uv": [3.5, 3.5, 3.25, 4], "texture": "#2"}
			}
		},
		{
			"name": "handle",
			"from": [6.5, 4, 5.5],
			"to": [9.5, 6, 10.5],
			"rotation": {"angle": 0, "axis": "y", "origin": [8, 0, 8]},
			"faces": {
				"north": {"uv": [2.375, 1.25, 2.75, 1.75], "texture": "#2"},
				"east": {"uv": [1.75, 1.25, 2.375, 1.75], "texture": "#2"},
				"south": {"uv": [3.375, 1.25, 3.75, 1.75], "texture": "#2"},
				"west": {"uv": [2.75, 1.25, 3.375, 1.75], "texture": "#2"},
				"up": {"uv": [2.75, 1.25, 2.375, 0], "texture": "#2"},
				"down": {"uv": [3.125, 0, 2.75, 1.25], "texture": "#2"}
			}
		}
	],
	"display": {
		"thirdperson_righthand": {
			"translation": [0, 6, 0]
		}
	},
	"groups": [
		{
			"name": "sword",
			"origin": [0, 0, 0],
			"color": 0,
			"children": [
				{
					"name": "shine",
					"origin": [8, 8, 8],
					"color": 1,
					"children": [0, 1, 2, 3]
				},
				{
					"name": "blade",
					"origin": [0, 0, 0],
					"color": 2,
					"children": [4, 5, 6, 7, 8, 9, 10, 11]
				},
				{
					"name": "handle",
					"origin": [0, 0, 0],
					"color": 3,
					"children": [12, 13, 14, 15]
				}
			]
		}
	]
}