{
  "parent": "minecraft:block/cube_all",
  "textures": {
    "all": "custom:block/glitch_cyan"
  },
  "elements": [
    {
      "from": [0, 0, 0],
      "to": [16, 16, 16],
      "light_emission": 15,
      "faces": {
        "down":  {"texture": "#all", "cullface": "down"},
        "up":    {"texture": "#all", "cullface": "up"},
        "north": {"texture": "#all", "cullface": "north"},
        "south": {"texture": "#all", "cullface": "south"},
        "west":  {"texture": "#all", "cullface": "west"},
        "east":  {"texture": "#all", "cullface": "east"}
      }
    }
  ]
}