{
	"format_version": "1.21.6",
	"credit": "Made with Blockbench",
	"parent": "minecraft:block/cross",
	"texture_size": [64, 64],
	"textures": {
		"2": "custom:block/3d_light_fix",
		"4": "custom:block/met_crystal",
		"5": "custom:block/met_crystal_base",
		"particle": "custom:block/met_crystal"
	},
	"elements": [
		{
			"from": [7.1875, 0, 4.0625],
			"to": [7.9375, 3, 11.5625],
			"rotation": {"angle": 0, "axis": "y", "origin": [7.675, 3.075, 8.075]},
			"faces": {
				"north": {"uv": [3, 12, 4, 16], "texture": "#5"},
				"east": {"uv": [13, 12, 3, 16], "texture": "#5"},
				"south": {"uv": [12, 12, 13, 16], "texture": "#5"},
				"west": {"uv": [3, 12, 13, 16], "texture": "#5"},
				"up": {"uv": [3, 12, 13, 13], "rotation": 270, "texture": "#5"},
				"down": {"uv": [3, 15, 13, 16], "rotation": 90, "texture": "#5"}
			}
		},
		{
			"from": [7.1875, 3, 7.0625],
			"to": [7.9375, 4.5, 9.3125],
			"rotation": {"angle": 0, "axis": "y", "origin": [7.675, 3.075, 8.075]},
			"faces": {
				"north": {"uv": [7, 10, 8, 12], "texture": "#5"},
				"east": {"uv": [10, 10, 7, 12], "texture": "#5"},
				"south": {"uv": [9, 10, 10, 12], "texture": "#5"},
				"west": {"uv": [7, 10, 10, 12], "texture": "#5"},
				"up": {"uv": [7, 10, 10, 11], "rotation": 270, "texture": "#5"},
				"down": {"uv": [0, 0, 4, 1], "rotation": 90, "texture": "#5"}
			}
		},
		{
			"from": [7.1875, 3, 10.0625],
			"to": [7.9375, 3.75, 11.5625],
			"rotation": {"angle": 0, "axis": "y", "origin": [7.675, 3.075, 8.075]},
			"faces": {
				"north": {"uv": [11, 11, 12, 12], "texture": "#5"},
				"east": {"uv": [13, 11, 11, 12], "texture": "#5"},
				"south": {"uv": [12, 11, 13, 12], "texture": "#5"},
				"west": {"uv": [11, 11, 13, 12], "texture": "#5"},
				"up": {"uv": [3, 11, 5, 12], "rotation": 270, "texture": "#5"},
				"down": {"uv": [0, 0, 2, 1], "rotation": 90, "texture": "#5"}
			}
		},
		{
			"from": [7.1875, 3, 4.0625],
			"to": [7.9375, 3.75, 5.5625],
			"rotation": {"angle": 0, "axis": "y", "origin": [7.675, 3.075, 8.075]},
			"faces": {
				"north": {"uv": [3, 11, 4, 12], "texture": "#5"},
				"east": {"uv": [5, 11, 3, 12], "texture": "#5"},
				"south": {"uv": [4, 11, 5, 12], "texture": "#5"},
				"west": {"uv": [3, 11, 5, 12], "texture": "#5"},
				"up": {"uv": [11, 11, 13, 12], "rotation": 270, "texture": "#5"},
				"down": {"uv": [0, 0, 2, 1], "rotation": 90, "texture": "#5"}
			}
		},
		{
			"from": [7.1875, 4.5, 7.8125],
			"to": [7.9375, 5.25, 8.5625],
			"rotation": {"angle": 0, "axis": "y", "origin": [7.675, 3.075, 8.075]},
			"faces": {
				"north": {"uv": [8, 9, 9, 10], "texture": "#5"},
				"east": {"uv": [8, 9, 9, 10], "texture": "#5"},
				"south": {"uv": [8, 9, 9, 10], "texture": "#5"},
				"west": {"uv": [8, 9, 9, 10], "texture": "#5"},
				"up": {"uv": [8, 9, 9, 10], "rotation": 270, "texture": "#5"},
				"down": {"uv": [8, 9, 9, 10], "rotation": 90, "texture": "#5"}
			}
		},
		{
			"from": [5.6875, 0, 7.8125],
			"to": [10.1875, 3, 8.5625],
			"rotation": {"angle": 0, "axis": "y", "origin": [7.675, 3.075, 8.075]},
			"faces": {
				"north": {"uv": [5, 12, 11, 16], "texture": "#5"},
				"east": {"uv": [3, 12, 4, 16], "texture": "#5"},
				"south": {"uv": [13, 12, 3, 16], "texture": "#5"},
				"west": {"uv": [12, 12, 13, 16], "texture": "#5"},
				"up": {"uv": [5, 12, 11, 13], "texture": "#5"},
				"down": {"uv": [3, 15, 13, 16], "texture": "#5"}
			}
		},
		{
			"from": [6.4375, 3, 7.8125],
			"to": [8.6875, 4.5, 8.5625],
			"rotation": {"angle": 0, "axis": "y", "origin": [7.675, 3.075, 8.075]},
			"faces": {
				"north": {"uv": [7, 10, 10, 12], "texture": "#5"},
				"east": {"uv": [7, 10, 8, 12], "texture": "#5"},
				"south": {"uv": [10, 10, 7, 12], "texture": "#5"},
				"west": {"uv": [9, 10, 10, 12], "texture": "#5"},
				"up": {"uv": [7, 10, 10, 11], "texture": "#5"},
				"down": {"uv": [0, 0, 4, 1], "texture": "#5"}
			}
		},
		{
			"from": [4.1875, 0, 7.8125],
			"to": [5.6875, 3.75, 8.5625],
			"rotation": {"angle": 0, "axis": "y", "origin": [7.675, 3.075, 8.075]},
			"faces": {
				"north": {"uv": [11, 11, 13, 16], "texture": "#5"},
				"east": {"uv": [11, 11, 12, 12], "texture": "#5"},
				"south": {"uv": [13, 11, 11, 16], "texture": "#5"},
				"west": {"uv": [12, 11, 13, 16], "texture": "#5"},
				"up": {"uv": [3, 11, 5, 12], "texture": "#5"},
				"down": {"uv": [3, 15, 5, 16], "texture": "#5"}
			}
		},
		{
			"from": [10.1875, 0, 7.8125],
			"to": [11.6875, 3.75, 8.5625],
			"rotation": {"angle": 0, "axis": "y", "origin": [7.675, 3.075, 8.075]},
			"faces": {
				"north": {"uv": [3, 11, 5, 16], "texture": "#5"},
				"east": {"uv": [3, 11, 4, 16], "texture": "#5"},
				"south": {"uv": [5, 11, 3, 16], "texture": "#5"},
				"west": {"uv": [4, 11, 5, 12], "texture": "#5"},
				"up": {"uv": [11, 11, 13, 12], "texture": "#5"},
				"down": {"uv": [11, 15, 13, 16], "texture": "#5"}
			}
		},
		{
			"from": [7.1875, 4.5, 7.8125],
			"to": [7.9375, 5.25, 8.5625],
			"rotation": {"angle": 0, "axis": "y", "origin": [7.675, 3.075, 8.075]},
			"faces": {
				"north": {"uv": [8, 9, 9, 10], "texture": "#5"},
				"east": {"uv": [8, 9, 9, 10], "texture": "#5"},
				"south": {"uv": [8, 9, 9, 10], "texture": "#5"},
				"west": {"uv": [8, 9, 9, 10], "texture": "#5"},
				"up": {"uv": [8, 9, 9, 10], "texture": "#5"},
				"down": {"uv": [8, 9, 9, 10], "texture": "#5"}
			}
		},
		{
			"from": [3.25, 0, 8],
			"to": [13.25, 4, 9],
			"rotation": {"angle": -45, "axis": "y", "origin": [8.05, 5.25, 8.2]},
			"faces": {
				"north": {"uv": [3, 12, 13, 16], "texture": "#4"},
				"east": {"uv": [3, 12, 4, 16], "texture": "#4"},
				"south": {"uv": [13, 12, 3, 16], "texture": "#4"},
				"west": {"uv": [12, 12, 13, 16], "texture": "#4"},
				"up": {"uv": [3, 12, 13, 13], "texture": "#4"},
				"down": {"uv": [13, 15, 3, 16], "texture": "#4"}
			}
		},
		{
			"from": [2.25, 2, 8],
			"to": [3.25, 4, 9],
			"rotation": {"angle": -45, "axis": "y", "origin": [8.05, 5.25, 8.2]},
			"faces": {
				"north": {"uv": [13, 12, 14, 14], "texture": "#4"},
				"east": {"uv": [13, 12, 14, 14], "texture": "#4"},
				"south": {"uv": [13, 12, 14, 14], "texture": "#4"},
				"west": {"uv": [13, 12, 14, 14], "texture": "#4"},
				"up": {"uv": [13, 12, 14, 14], "texture": "#4"},
				"down": {"uv": [13, 13, 14, 14], "texture": "#4"}
			}
		},
		{
			"from": [13.25, 2, 8],
			"to": [14.25, 4, 9],
			"rotation": {"angle": -45, "axis": "y", "origin": [8.05, 5.25, 8.2]},
			"faces": {
				"north": {"uv": [2, 12, 3, 14], "texture": "#4"},
				"east": {"uv": [2, 12, 3, 14], "texture": "#4"},
				"south": {"uv": [2, 12, 3, 14], "texture": "#4"},
				"west": {"uv": [2, 12, 3, 14], "texture": "#4"},
				"up": {"uv": [2, 12, 3, 14], "texture": "#4"},
				"down": {"uv": [2, 13, 3, 14], "texture": "#4"}
			}
		},
		{
			"from": [12.25, 5, 8],
			"to": [14.25, 6, 9],
			"rotation": {"angle": -45, "axis": "y", "origin": [8.05, 5.25, 8.2]},
			"faces": {
				"north": {"uv": [2, 10, 4, 11], "texture": "#4"},
				"east": {"uv": [2, 10, 3, 11], "texture": "#4"},
				"south": {"uv": [4, 10, 2, 11], "texture": "#4"},
				"west": {"uv": [3, 10, 4, 11], "texture": "#4"},
				"up": {"uv": [12, 10, 14, 11], "texture": "#4"},
				"down": {"uv": [0, 0, 1, 1], "texture": "#4"}
			}
		},
		{
			"from": [7.25, 9, 8],
			"to": [8.25, 10, 9],
			"rotation": {"angle": -45, "axis": "y", "origin": [8.05, 5.25, 8.2]},
			"faces": {
				"north": {"uv": [8, 6, 9, 7], "texture": "#4"},
				"east": {"uv": [8, 6, 9, 7], "texture": "#4"},
				"south": {"uv": [8, 6, 9, 7], "texture": "#4"},
				"west": {"uv": [8, 6, 9, 7], "texture": "#4"},
				"up": {"uv": [8, 6, 9, 7], "texture": "#4"},
				"down": {"uv": [8, 6, 9, 7], "texture": "#4"}
			}
		},
		{
			"from": [7.25, 8, 7],
			"to": [8.25, 9, 10],
			"rotation": {"angle": -45, "axis": "y", "origin": [8.05, 5.25, 8.2]},
			"faces": {
				"north": {"uv": [7, 7, 8, 8], "texture": "#4"},
				"east": {"uv": [10, 7, 7, 8], "texture": "#4"},
				"south": {"uv": [9, 7, 10, 8], "texture": "#4"},
				"west": {"uv": [7, 7, 10, 8], "texture": "#4"},
				"up": {"uv": [10, 7, 7, 8], "rotation": 270, "texture": "#4"},
				"down": {"uv": [0, 0, 1, 1], "rotation": 90, "texture": "#4"}
			}
		},
		{
			"from": [7.25, 5, 6],
			"to": [8.25, 8, 11],
			"rotation": {"angle": -45, "axis": "y", "origin": [8.05, 5.25, 8.2]},
			"faces": {
				"north": {"uv": [6, 8, 7, 11], "texture": "#4"},
				"east": {"uv": [11, 8, 6, 11], "texture": "#4"},
				"south": {"uv": [10, 8, 11, 11], "texture": "#4"},
				"west": {"uv": [6, 8, 11, 11], "texture": "#4"},
				"up": {"uv": [11, 8, 6, 9], "rotation": 270, "texture": "#4"},
				"down": {"uv": [0, 0, 1, 1], "rotation": 90, "texture": "#4"}
			}
		},
		{
			"from": [7.25, 5, 12],
			"to": [8.25, 6, 14],
			"rotation": {"angle": -45, "axis": "y", "origin": [8.05, 5.25, 8.2]},
			"faces": {
				"north": {"uv": [12, 10, 13, 11], "texture": "#4"},
				"east": {"uv": [14, 10, 12, 11], "texture": "#4"},
				"south": {"uv": [13, 10, 14, 11], "texture": "#4"},
				"west": {"uv": [12, 10, 14, 11], "texture": "#4"},
				"up": {"uv": [2, 10, 4, 11], "rotation": 270, "texture": "#4"},
				"down": {"uv": [0, 0, 1, 1], "rotation": 90, "texture": "#4"}
			}
		},
		{
			"from": [7.25, 4, 6],
			"to": [8.25, 5, 14],
			"rotation": {"angle": -45, "axis": "y", "origin": [8.05, 5.25, 8.2]},
			"faces": {
				"north": {"uv": [6, 11, 7, 12], "texture": "#4"},
				"east": {"uv": [14, 11, 6, 12], "texture": "#4"},
				"south": {"uv": [13, 11, 14, 12], "texture": "#4"},
				"west": {"uv": [6, 11, 14, 12], "texture": "#4"},
				"up": {"uv": [6, 11, 14, 12], "rotation": 270, "texture": "#4"},
				"down": {"uv": [0, 0, 1, 1], "rotation": 90, "texture": "#4"}
			}
		},
		{
			"from": [7.25, 0, 3],
			"to": [8.25, 4, 13],
			"rotation": {"angle": -45, "axis": "y", "origin": [8.05, 5.25, 8.2]},
			"faces": {
				"north": {"uv": [12, 12, 13, 16], "texture": "#4"},
				"east": {"uv": [3, 12, 13, 16], "texture": "#4"},
				"south": {"uv": [3, 12, 4, 16], "texture": "#4"},
				"west": {"uv": [13, 12, 3, 16], "texture": "#4"},
				"up": {"uv": [3, 12, 13, 13], "rotation": 90, "texture": "#4"},
				"down": {"uv": [13, 15, 3, 16], "rotation": 270, "texture": "#4"}
			}
		},
		{
			"from": [7.25, 2, 13],
			"to": [8.25, 4, 14],
			"rotation": {"angle": -45, "axis": "y", "origin": [8.05, 5.25, 8.2]},
			"faces": {
				"north": {"uv": [13, 12, 14, 14], "texture": "#4"},
				"east": {"uv": [13, 12, 14, 14], "texture": "#4"},
				"south": {"uv": [13, 12, 14, 14], "texture": "#4"},
				"west": {"uv": [13, 12, 14, 14], "texture": "#4"},
				"up": {"uv": [13, 12, 14, 14], "texture": "#4"},
				"down": {"uv": [13, 13, 14, 14], "texture": "#4"}
			}
		},
		{
			"from": [7.25, 2, 2],
			"to": [8.25, 4, 3],
			"rotation": {"angle": -45, "axis": "y", "origin": [8.05, 5.25, 8.2]},
			"faces": {
				"north": {"uv": [2, 12, 3, 14], "texture": "#4"},
				"east": {"uv": [2, 12, 3, 14], "texture": "#4"},
				"south": {"uv": [2, 12, 3, 14], "texture": "#4"},
				"west": {"uv": [2, 12, 3, 14], "texture": "#4"},
				"up": {"uv": [2, 12, 3, 14], "texture": "#4"},
				"down": {"uv": [2, 13, 3, 14], "texture": "#4"}
			}
		},
		{
			"from": [7.25, 4, 2],
			"to": [8.25, 5, 5],
			"rotation": {"angle": -45, "axis": "y", "origin": [8.05, 5.25, 8.2]},
			"faces": {
				"north": {"uv": [2, 11, 3, 12], "texture": "#4"},
				"east": {"uv": [2, 11, 5, 12], "texture": "#4"},
				"south": {"uv": [4, 11, 5, 12], "texture": "#4"},
				"west": {"uv": [2, 11, 5, 12], "texture": "#4"},
				"up": {"uv": [11, 11, 14, 12], "rotation": 270, "texture": "#4"},
				"down": {"uv": [0, 0, 1, 1], "rotation": 90, "texture": "#4"}
			}
		},
		{
			"from": [7.25, 5, 2],
			"to": [8.25, 6, 4],
			"rotation": {"angle": -45, "axis": "y", "origin": [8.05, 5.25, 8.2]},
			"faces": {
				"north": {"uv": [2, 10, 3, 11], "texture": "#4"},
				"east": {"uv": [4, 10, 2, 11], "texture": "#4"},
				"south": {"uv": [3, 10, 4, 11], "texture": "#4"},
				"west": {"uv": [2, 10, 4, 11], "texture": "#4"},
				"up": {"uv": [12, 10, 14, 11], "rotation": 270, "texture": "#4"},
				"down": {"uv": [0, 0, 1, 1], "rotation": 90, "texture": "#4"}
			}
		},
		{
			"from": [2.25, 5, 8],
			"to": [4.25, 6, 9],
			"rotation": {"angle": -45, "axis": "y", "origin": [8.05, 5.25, 8.2]},
			"faces": {
				"north": {"uv": [12, 10, 14, 11], "texture": "#4"},
				"east": {"uv": [12, 10, 13, 11], "texture": "#4"},
				"south": {"uv": [14, 10, 12, 11], "texture": "#4"},
				"west": {"uv": [13, 10, 14, 11], "texture": "#4"},
				"up": {"uv": [2, 10, 4, 11], "texture": "#4"},
				"down": {"uv": [0, 0, 1, 1], "texture": "#4"}
			}
		},
		{
			"from": [6.25, 8, 8],
			"to": [9.25, 9, 9],
			"rotation": {"angle": -45, "axis": "y", "origin": [8.05, 5.25, 8.2]},
			"faces": {
				"north": {"uv": [7, 7, 10, 8], "texture": "#4"},
				"east": {"uv": [7, 7, 8, 8], "texture": "#4"},
				"south": {"uv": [10, 7, 7, 8], "texture": "#4"},
				"west": {"uv": [9, 7, 10, 8], "texture": "#4"},
				"up": {"uv": [10, 7, 7, 8], "texture": "#4"},
				"down": {"uv": [0, 0, 1, 1], "texture": "#4"}
			}
		},
		{
			"from": [7.25, 9, 8],
			"to": [8.25, 10, 9],
			"rotation": {"angle": -45, "axis": "y", "origin": [8.05, 5.25, 8.2]},
			"faces": {
				"north": {"uv": [8, 6, 9, 7], "texture": "#4"},
				"east": {"uv": [8, 6, 9, 7], "texture": "#4"},
				"south": {"uv": [8, 6, 9, 7], "texture": "#4"},
				"west": {"uv": [8, 6, 9, 7], "texture": "#4"},
				"up": {"uv": [8, 6, 9, 7], "texture": "#4"},
				"down": {"uv": [8, 6, 9, 7], "texture": "#4"}
			}
		},
		{
			"from": [5.25, 5, 8],
			"to": [10.25, 8, 9],
			"rotation": {"angle": -45, "axis": "y", "origin": [8.05, 5.25, 8.2]},
			"faces": {
				"north": {"uv": [6, 8, 11, 11], "texture": "#4"},
				"east": {"uv": [6, 8, 7, 11], "texture": "#4"},
				"south": {"uv": [11, 8, 6, 11], "texture": "#4"},
				"west": {"uv": [10, 8, 11, 11], "texture": "#4"},
				"up": {"uv": [11, 8, 6, 9], "texture": "#4"},
				"down": {"uv": [0, 0, 1, 1], "texture": "#4"}
			}
		},
		{
			"from": [2.25, 4, 8],
			"to": [10.25, 5, 9],
			"rotation": {"angle": -45, "axis": "y", "origin": [8.05, 5.25, 8.2]},
			"faces": {
				"north": {"uv": [6, 11, 14, 12], "texture": "#4"},
				"east": {"uv": [6, 11, 7, 12], "texture": "#4"},
				"south": {"uv": [14, 11, 6, 12], "texture": "#4"},
				"west": {"uv": [13, 11, 14, 12], "texture": "#4"},
				"up": {"uv": [6, 11, 14, 12], "texture": "#4"},
				"down": {"uv": [0, 0, 1, 1], "texture": "#4"}
			}
		},
		{
			"from": [11.25, 4, 8],
			"to": [14.25, 5, 9],
			"rotation": {"angle": -45, "axis": "y", "origin": [8.05, 5.25, 8.2]},
			"faces": {
				"north": {"uv": [2, 11, 5, 12], "texture": "#4"},
				"east": {"uv": [2, 11, 3, 12], "texture": "#4"},
				"south": {"uv": [2, 11, 5, 12], "texture": "#4"},
				"west": {"uv": [4, 11, 5, 12], "texture": "#4"},
				"up": {"uv": [11, 11, 14, 12], "texture": "#4"},
				"down": {"uv": [0, 0, 1, 1], "texture": "#4"}
			}
		},
		{
			"from": [0, 0, 0],
			"to": [16, 16, 16],
			"faces": {
				"north": {"uv": [4, 4, 8, 8], "texture": "#2", "cullface": "north"},
				"east": {"uv": [0, 4, 4, 8], "texture": "#2", "cullface": "east"},
				"south": {"uv": [12, 4, 16, 8], "texture": "#2", "cullface": "south"},
				"west": {"uv": [8, 4, 12, 8], "texture": "#2", "cullface": "west"},
				"up": {"uv": [8, 4, 4, 0], "texture": "#2", "cullface": "up"},
				"down": {"uv": [12, 0, 8, 4], "texture": "#2", "cullface": "down"}
			}
		}
	],
	"display": {
		"thirdperson_righthand": {
			"translation": [0, 0.75, 0],
			"scale": [0.5, 0.5, 0.5]
		}
	},
	"groups": [
		{
			"name": "group",
			"origin": [8, 8, 8],
			"color": 0,
			"children": [
				{
					"name": "medium_amethyst_bud",
					"origin": [8, 8, 8],
					"color": 0,
					"children": [
						{
							"name": "group",
							"origin": [17, 14, 16],
							"color": 0,
							"children": [0, 1, 2, 3, 4]
						},
						{
							"name": "group",
							"origin": [17, 14, 16],
							"color": 0,
							"children": [5, 6, 7, 8, 9]
						}
					]
				},
				{
					"name": "group",
					"origin": [19, 13, 16],
					"color": 0,
					"children": [
						10,
						11,
						12,
						13,
						{
							"name": "group",
							"origin": [15.5, 5.5, 6],
							"color": 0,
							"children": [14, 15, 16, 17, 18, 19, 20, 21, 22, 23]
						},
						24,
						25,
						26,
						27,
						28,
						29
					]
				}
			]
		},
		30
	]
}
